;Budget dolar;Country;Directed by;Distributed by;Music by;Production company;Release dates;Release day;Starring;Time min;Title;Written by
0;80000000.0;United States;The Hughes Brothers;['Warner Bros. Pictures (United States)', 'Summit Entertainment (International)'];['Atticus Ross', 'Leopold Ross', 'Claudia Sarne'];['Alcon Entertainment', 'Silver Pictures'];15/01/2010;Fri;['Denzel Washington', 'Gary Oldman', 'Mila Kunis', 'Ray Stevenson', 'Jennifer Beals', 'Frances de la Tour', 'Michael Gambon'];117.0;The Book of Eli;Gary Whitta
1;80000000.0;['United Kingdom', 'United States'];Martin Campbell;Warner Bros. Pictures;Howard Shore;['GK Films', 'BBC Films', 'Icon Productions'];29/01/2010;Fri;['Mel Gibson', 'Ray Winstone', 'Danny Huston', 'Bojana Novakovic'];117.0;Edge of Darkness;['William Monahan', 'Andrew Bovell']
2;52000000.0;United States;Garry Marshall;Warner Bros. Pictures;John Debney;['New Line Cinema', 'Wayne Rice Films', 'Karz Entertainment'];28/01/2010;Thu;['Jessica Alba', 'Kathy Bates', 'Jessica Biel', 'Bradley Cooper', 'Eric Dane', 'Patrick Dempsey', 'Héctor Elizondo', 'Jamie Foxx', 'Jennifer Garner', 'Topher Grace', 'Anne Hathaway', 'Ashton Kutcher', 'Taylor Lautner', 'George Lopez', 'Shirley MacLaine', 'Emma Roberts', 'Julia Roberts', 'Taylor Swift'];124.0;Valentine's Day;
3;30000000.0;United States;Kevin Smith;Warner Bros. Pictures;['Harold Faltermeyer', 'Malcolm Kirby Jr.'];['Marc Platt Productions'];26/02/2010;Fri;['Bruce Willis', 'Tracy Morgan', 'Adam Brody', 'Kevin Pollak', 'Guillermo Diaz', 'Seann William Scott'];107.0;Cop Out;['Mark Cullen', 'Rob Cullen']
4;;India;Ashwni Dhir;['Warner Bros. Pictures', 'Wide Frame Pictures'];['Songs:', 'Pritam', ',', 'Amit mishra', 'Background Score:', 'Sanjoy Chowdhury'];;05/03/2010;Fri;['Ajay Devgn', 'Paresh Rawal', 'Konkona Sen Sharma'];115.0;Atithi Tum Kab Jaoge?;
5;;United States;Toni Myers;['Warner Bros. Pictures', 'IMAX Filmed Entertainment'];['Micky Erbe', 'Maribeth Solomon'];['NASA'];19/03/2010;Fri;;43.0;Hubble 3D;['Toni Myers', 'Frank Summers', 'Graeme Ferguson']
6;30000000.0;United States;Dwight H. Little;['Warner Bros. Pictures', '(Japan)', 'Anchor Bay Entertainment', '(United States)'];John Hunter;['Crystal Sky Pictures'];05/11/2009;Thu;['Jon Foo', 'Kelly Overton', 'Cary-Hiroyuki Tagawa', 'Ian Anthony Dale', 'Cung Le', 'Darrin Dewitt Henson', 'Luke Goss', 'Marian Zapico', 'Lateef Crowder', 'Candice Hillebrand', 'Anton Kasabov', 'Roger Huerta'];87.0;Tekken;
7;125000000.0;['United States', 'Australia'];Louis Leterrier;Warner Bros. Pictures;Ramin Djawadi;['Legendary Pictures', 'The Zanuck Company', 'Thunder Road Pictures'];02/04/2010;Fri;['Sam Worthington', 'Gemma Arterton', 'Mads Mikkelsen', 'Alexa Davalos', 'Ralph Fiennes', 'Liam Neeson'];108.0;Clash of the Titans;
8;;India;Milap Milan Zaveri;Warner Bros. Pictures;Sajid-Wajid;['People Tree Films'];09/04/2010;Fri;['Ritesh Deshmukh', 'Jacqueline Fernandez', 'Sonal Sehgal', 'Ruslaan Mumtaz'];115.0;Jaane Kahan Se Aayi Hai;Milap Milan Zaveri
9;25000000.0;United States;Sylvain White;Warner Bros. Pictures;John Ottman;['Dark Castle Entertainment', 'Vertigo (DC Comics)', 'Weed Road Pictures'];23/04/2010;Fri;['Jeffrey Dean Morgan', 'Zoe Saldana', 'Chris Evans', 'Idris Elba', 'Columbus Short', 'Óscar Jaenada', 'Jason Patric'];93.0;The Losers;
10;35000000.0;United States;Samuel Bayer;New Line Cinema;Steve Jablonsky;['Platinum Dunes'];27/04/2010;Tue;['Jackie Earle Haley', 'Kyle Gallner', 'Rooney Mara', 'Katie Cassidy', 'Thomas Dekker', 'Kellan Lutz'];90.0;A Nightmare on Elm Street;
11;95000000.0;United States;Michael Patrick King;Warner Bros. Pictures;Aaron Zigman;;27/05/2010;Thu;['Sarah Jessica Parker', 'Kim Cattrall', 'Kristin Davis', 'Cynthia Nixon', 'John Corbett', 'Chris Noth'];146.0;Sex and the City 2;Michael Patrick King
12;30000000.0;['Canada', 'France'];Vincenzo Natali;['Gaumont', 'Entertainment One', 'Warner Bros. Pictures'];Cyrille Aufort;['Dark Castle Entertainment', 'Copperheart Entertainment', 'Gaumont', 'Telefilm Canada', 'Ontario Media Development Corporation'];06/10/2009;Tue;['Adrien Brody', 'Sarah Polley', 'Delphine Chanéac'];104.0;Splice;
13;;Japan;Takeshi Kitano;Warner Bros. Pictures Japan;Keiichi Suzuki;['Bandai Visual', 'Office Kitano', 'Omnibus Promotion', 'TV Tokyo', 'Tokyo FM'];17/05/2010;Mon;['Beat Takeshi', 'Kippei Shiina'];109.0;Outrage;Takeshi Kitano
14;47000000.0;United States;Jimmy Hayward;Warner Bros. Pictures;['Marco Beltrami', 'Mastodon'];['Legendary Pictures', 'DC Entertainment', 'Weed Road Pictures', 'Mad Chance Productions'];18/06/2010;Fri;['Josh Brolin', 'John Malkovich', 'Megan Fox', 'Michael Fassbender', 'Will Arnett', 'Michael Shannon'];81.0;Jonah Hex;
15;160000000.0;['United States', 'United Kingdom'];Christopher Nolan;Warner Bros. Pictures;Hans Zimmer;;08/07/2010;Thu;['Leonardo DiCaprio', 'Ken Watanabe', 'Joseph Gordon-Levitt', 'Marion Cotillard', 'Ellen Page', 'Tom Hardy', 'Cillian Murphy', 'Tom Berenger', 'Michael Caine'];148.0;Inception;Christopher Nolan
16;85000000.0;['United States', 'Australia'];Brad Peyton;Warner Bros. Pictures;Christopher Lennertz;['CD2 Pictures'];30/07/2010;Fri;"['Christina Applegate', 'Michael Clarke Duncan', 'Neil Patrick Harris', 'Sean Hayes', 'James Marsden', 'Bette Midler', 'Nick Nolte', 'Joe Pantoliano', 'Katt Williams', ""Chris O'Donnell"", 'Jack McBrayer', 'Roger Moore', 'Fred Armisen', 'Paul Rodriguez']";82.0;Cats & Dogs: The Revenge of Kitty Galore;
17;14000000.0;United States;Rob Reiner;Warner Bros. Pictures;Marc Shaiman;['Castle Rock Entertainment'];06/08/2010;Fri;['Madeline Carroll', 'Callan McAuliffe', 'Rebecca De Mornay', 'Anthony Edwards', 'John Mahoney', 'Penelope Ann Miller', 'Aidan Quinn', 'Kevin Weisman'];90.0;Flipped;
18;17000000.0;United States;Erik White;Warner Bros. Pictures;Teddy Castellucci;['Alcon Entertainment', 'Burg/Koules Productions', 'Cube Vision', 'Sweepstake Productions'];20/08/2010;Fri;['Bow Wow', 'Brandon T. Jackson', 'Naturi Naughton', 'Keith David', 'Charlie Murphy', 'Gbenga Akinnagbe', 'Terry Crews', 'Loretta Devine', 'Ice Cube'];99.0;Lottery Ticket;
19;32000000.0;United States;Nanette Burstein;Warner Bros. Pictures;Mychael Danna;['New Line Cinema', 'Offspring Entertainment'];27/08/2010;Fri;['Drew Barrymore', 'Justin Long', 'Charlie Day', 'Jason Sudeikis', 'Christina Applegate'];102.0;Going the Distance;Geoff LaTulippe
20;37000000.0;United States;Ben Affleck;Warner Bros. Pictures;['Harry Gregson-Williams', 'David Buckley'];['Legendary Pictures', 'GK Films', 'Thunder Road Pictures'];08/09/2010;Wed;['Ben Affleck', 'Rebecca Hall', 'Jon Hamm', 'Jeremy Renner', 'Blake Lively', 'Titus Welliver', 'Pete Postlethwaite', 'Chris Cooper'];124.0;The Town;
21;80000000.0;['United States', 'Australia'];Zack Snyder;['Warner Bros. Pictures', 'Roadshow Entertainment'];David Hirschfelder;['Village Roadshow Pictures', 'Animal Logic', 'Cruel and Unusual Films', 'GOG Productions'];24/09/2010;Fri;['Helen Mirren', 'Geoffrey Rush', 'Jim Sturgess', 'Hugo Weaving', 'Emily Barclay', 'Abbie Cornish', 'Ryan Kwanten', 'Anthony LaPaglia', 'Miriam Margolyes', 'Sam Neill', 'Richard Roxburgh', 'David Wenham'];97.0;Legend of the Guardians: The Owls of Ga'Hoole;
22;38000000.0;United States;Greg Berlanti;Warner Bros. Pictures;Blake Neely;['Village Roadshow Pictures', 'Gold Circle Films', 'Josephson Entertainment'];08/10/2010;Fri;['Katherine Heigl', 'Josh Duhamel', 'Josh Lucas'];115.0;Life as We Know It;['Ian Deitchman', 'Kristin Rusk Robinson']
23;3570000.0;Germany;Philipp Stölzl;Warner Bros.;Ingo L. Frenzel;['SevenPictures Film Senator', 'Senator Film Produktion', 'Warner Bros. Film Productions Germany', 'Deutschfilm', 'Erfttal Film', 'Goldkind Filmproduktion', 'herbX Film', 'Magnolia Filmproduktion', 'Summerstorm Entertainment', 'CC Medien'];14/10/2010;Thu;['Alexander Fehling', 'Miriam Stein', 'Moritz Bleibtreu'];102.0;Young Goethe in Love;['Philipp Stölzl', 'Alexander Dydyna', 'Christoph Müller']
24;;Japan;Hideo Nakata;Warner Bros.;Kenji Kawai;['Horipro', 'NTV', 'Twins Japan', 'Warner Bros. Japan', 'YTV'];16/10/2010;Sat;"['Tatsuya Fujiwara', 'Haruka Ayase', 'Satomi Ishihara', 'Aya Hirayama', 'Nagisa Katahira', ""Kin'ya Kitaōji""]";;The Incite Mill;Satoshi Suzuki
25;;India;Ajoy Varma;Warner Bros.;Sandesh Shandilya;['Aryan Brothers Entertainment'];22/10/2010;Fri;['Manoj Bajpayee', 'Aarti Chhabria', 'Tola Makkar', 'Pallavi Sharda', 'Govind Namdeo', 'Asrani', 'Dilip Prabhawalkar', 'Tola Kamat'];123.0;Dus Tola;Tola Paleri
26;50000000.0;United States;Clint Eastwood;Warner Bros. Pictures;Clint Eastwood;['The Kennedy/Marshall Company', 'Malpaso Productions', 'Amblin Entertainment', '(credit only)'];12/09/2010;Sun;['Matt Damon', 'Cécile de France'];129.0;Hereafter;Peter Morgan
27;65000000.0;United States;Todd Phillips;Warner Bros. Pictures;Christophe Beck;['Legendary Pictures', 'Green Hat Films'];31/10/2010;Sun;['Robert Downey Jr.', 'Zach Galifianakis', 'Michelle Monaghan', 'Juliette Lewis', 'Jamie Foxx'];95.0;Due Date;
28;250000000.0;['United Kingdom', 'United States'];David Yates;Warner Bros. Pictures;Alexandre Desplat;['Warner Bros. UK Services Ltd.', 'Heyday Films'];11/11/2010;Thu;['Daniel Radcliffe', 'Rupert Grint', 'Emma Watson', 'Helena Bonham Carter', 'Robbie Coltrane', 'Warwick Davis', 'Ralph Fiennes', 'Michael Gambon', 'Brendan Gleeson', 'Richard Griffiths', 'John Hurt', 'Jason Isaacs', 'Alan Rickman', 'Fiona Shaw', 'Timothy Spall', 'Imelda Staunton', 'David Thewlis', 'Julie Walters'];146.0;Harry Potter and the Deathly Hallows – Part 1;
29;840000.0;India;Subhash Kapoor;Warner Bros.;Manish. J. Tipu;['Revel Films', 'Pvt. Ltd'];03/12/2010;Fri;['Rajat Kapoor', 'Neha Dhupia', 'Manu Rishi', 'Sanjay Mishra', 'Amol Gupte'];108.0;Phas Gaye Re Obama;Subhash Kapoor
30;3000000.0;Spain;Fernando González Molina;Warner Bros. Spain;Manel Santisteban , Cecilia Krull;['Antena 3 Films'];03/12/2010;Fri;['Mario Casas', 'María Valverde'];118.0;Three Meters Above The Sky;Federico Moccia
31;;Germany;Till Endemann;Warner Bros.;Daniel Welbat;['Movie Company Film und Fernseh', 'Warner Bros.'];16/12/2010;Thu;;93.0;Vater Morgana;['Till Endemann', 'Daniel Schwarz']
32;80000000.0;United States;Eric Brevig;Warner Bros. Pictures;John Debney;['De Line Pictures', 'Sunswept Entertainment'];11/12/2010;Sat;['Dan Aykroyd', 'Justin Timberlake', 'Anna Faris', 'Tom Cavanagh', 'T.J. Miller'];80.0;Yogi Bear;['Brad Copeland', 'Joshua Sternin', 'Jeffrey Ventimilia']
33;;Spain;Álex de la Iglesia;['Warner Bros.', 'Magnet Releasing'];Roque Baños;['Televisión Española', 'Tornasol Films', 'La Fabrique 2', 'uFilm', 'Canal+', 'España', 'Castafiore Films'];07/09/2010;Tue;['Carlos Areces', 'Antonio de la Torre', 'Carolina Bang'];107.0;The Last Circus;Álex de la Iglesia
34;;Spain;Daniel Sánchez Arévalo;Warner Bros. Spain;;;13/01/2011;Thu;['Quim Gutiérrez', 'Raúl Arévalo', 'Adrián Lastra', 'Inma Cuesta'];97.0;Cousinhood;Daniel Sánchez Arévalo
35;37000000.0;['United States', 'Hungary', 'Italy', 'United Kingdom'];Mikael Håfström;['Warner Bros. Pictures'];Alex Heffes;['New Line Cinema', 'TriBeCa Productions', 'Contrafilm'];26/01/2011;Wed;['Anthony Hopkins'];113.0;The Rite;Michael Petroni
36;6723500.0;Germany;Til Schweiger;Warner Bros. Pictures;['Dirk Reichardt', 'Mirko Schaffer', 'Martin Todsharow'];['Barefoot Films', 'Béla Jarzyk Production', 'Sat.1', 'Warner Bros.'];03/02/2011;Thu;['Til Schweiger', 'Emma Tiger Schweiger', 'Jasmin Gerat', 'Samuel Finzi'];126.0;Kokowääh;['Béla Jarzyk', 'Til Schweiger']
37;;India;Srikanth V. Velagaleti;['Warner Bros.', 'Rash Productions'];['Songs:', 'Shamir Tandon', 'Background Score:', 'Sanjoy Chowdhury'];;04/02/2011;Fri;['Vinay Pathak', 'Mahie Gill', 'Saurabh Shukla', 'Mona Singh', 'Sanjay Mishra'];;Utt Pataang;
38;30000000.0;['United States', 'Germany', 'United Kingdom', 'France'];Jaume Collet-Serra;Warner Bros. Pictures;['John Ottman', 'Alexander Rudd'];['Dark Castle Entertainment', 'Babelsberg Studios'];16/02/2011;Wed;['Liam Neeson', 'Diane Kruger', 'January Jones', 'Aidan Quinn', 'Frank Langella'];113.0;Unknown;['Oliver Butcher', 'Stephen Cornwell']
39;36000000.0;United States;['Peter Farrelly', 'Bobby Farrelly'];Warner Bros. Pictures;Rolfe Kent;['New Line Cinema', 'Conundrum Entertainment'];25/02/2011;Fri;['Owen Wilson', 'Jason Sudeikis', 'Jenna Fischer', 'Richard Jenkins', 'Christina Applegate'];105.0;Hall Pass;
40;25000000.0;['United Kingdom', 'United States', 'Germany'];Jonathan English;['Warner Bros.', 'ARC Entertainment'];Lorne Balfe;['VIP Medienfonds 4', 'Rising Star', 'Silver Reel', 'Premiere Picture', 'The Wales Creative IP Fund', 'ContentFilm International', 'Molinare', 'Perpetual Media Capital', 'Mythic International Entertainment'];04/03/2011;Fri;['James Purefoy', 'Brian Cox', 'Derek Jacobi', 'Kate Mara', 'Paul Giamatti', 'Vladimir Kulich'];121.0;Ironclad;
41;42000000.0;United States;Catherine Hardwicke;Warner Bros. Pictures;['Brian Reitzell', 'Alex Heffes'];['Appian Way Productions'];07/03/2011;Mon;['Amanda Seyfried', 'Gary Oldman', 'Billy Burke', 'Shiloh Fernandez', 'Max Irons', 'Julie Christie'];100.0;Red Riding Hood;David Leslie Johnson
42;82000000.0;['United States', 'Canada'];Zack Snyder;Warner Bros. Pictures;['Tyler Bates', 'Marius de Vries'];;25/03/2011;Fri;['Emily Browning', 'Abbie Cornish', 'Jena Malone', 'Vanessa Hudgens', 'Jamie Chung', 'Carla Gugino', 'Oscar Isaac', 'Jon Hamm', 'Scott Glenn'];109.0;Sucker Punch;
43;40000000.0;United States;Jason Winer;Warner Bros. Pictures;['Theodore Shapiro', 'Mark Ronson'];['MBST Entertainment', 'BenderSpink', 'Langley Park Productions'];08/04/2011;Fri;['Russell Brand', 'Helen Mirren', 'Jennifer Garner', 'Greta Gerwig'];107.0;Arthur;
44;;United States;David Lickley;['IMAX Pictures', 'Warner Bros. Pictures'];Mark Mothersbaugh;['Walker World Pictures'];08/04/2011;Fri;['Birute Galdikas', 'Daphne Sheldrick'];40.0;Born to Be Wild;Drew Fellman
45;35000000.0;United States;Luke Greenfield;['Warner Bros.', '(North America)', 'Summit Entertainment', '(international)'];Alex Wurman;['Alcon Entertainment', '2S Films'];01/04/2011;Fri;['Kate Hudson', 'Ginnifer Goodwin', 'John Krasinski', 'Colin Egglesfield', 'Steve Howey'];112.0;Something Borrowed;
46;80000000.0;United States;Todd Phillips;Warner Bros. Pictures;Christophe Beck;;19/05/2011;Thu;['Bradley Cooper', 'Ed Helms', 'Zach Galifianakis', 'Ken Jeong', 'Jeffrey Tambor', 'Justin Bartha', 'Paul Giamatti'];101.0;The Hangover Part II;['Scot Armstrong', 'Craig Mazin', 'Todd Phillips']
47;200000000.0;United States;Martin Campbell;Warner Bros. Pictures;James Newton Howard;['DC Entertainment', 'De Line Pictures'];15/06/2011;Wed;['Ryan Reynolds', 'Blake Lively', 'Peter Sarsgaard', 'Mark Strong', 'Angela Bassett', 'Tim Robbins'];114.0;Green Lantern;
48;35000000.0;United States;Seth Gordon;Warner Bros. Pictures;Christopher Lennertz;['New Line Cinema', 'Rat Entertainment'];30/06/2011;Thu;['Jason Bateman', 'Charlie Day', 'Jason Sudeikis', 'Jennifer Aniston', 'Colin Farrell', 'Kevin Spacey', 'Jamie Foxx'];98.0;Horrible Bosses;
49;250000000.0;['United Kingdom', 'United States'];David Yates;Warner Bros. Pictures;Alexandre Desplat;['Warner Bros. Pictures', 'Heyday Films'];07/07/2011;Thu;['Daniel Radcliffe', 'Rupert Grint', 'Emma Watson', 'Helena Bonham Carter', 'Robbie Coltrane', 'Warwick Davis', 'Ralph Fiennes', 'Michael Gambon', 'John Hurt', 'Jason Isaacs', 'Gary Oldman', 'Alan Rickman', 'Maggie Smith', 'David Thewlis', 'Julie Walters'];130.0;Harry Potter and the Deathly Hallows – Part 2;
50;50000000.0;United States;['Glenn Ficarra', 'John Requa'];Warner Bros. Pictures;['Christophe Beck', 'Nick Urata'];['Carousel Productions', 'Di Novi Pictures'];19/07/2011;Tue;['Steve Carell', 'Ryan Gosling', 'Julianne Moore', 'Emma Stone', 'John Carroll Lynch', 'Marisa Tomei', 'Kevin Bacon'];118.0;Crazy, Stupid, Love.;Dan Fogelman
51;40000000.0;United States;Steven Quale;Warner Bros. Pictures;Brian Tyler;['New Line Cinema', 'Practical Pictures', 'Zide/Perry Productions'];04/08/2011;Thu;"[""Nicholas D'Agosto"", 'Emma Bell', 'Miles Fisher', 'Arlen Escarpeta', 'David Koechner', 'Tony Todd']";92.0;Final Destination 5;Eric Heisserer
52;13500000.0;Spain;Pedro Almodóvar;Warner Bros. Spain;Alberto Iglesias;;19/05/2011;Thu;['Antonio Banderas', 'Elena Anaya', 'Marisa Paredes', 'Jan Cornet', 'Roberto Álamo'];120.0;The Skin I Live In;
53;60000000.0;United States;Steven Soderbergh;Warner Bros. Pictures;Cliff Martinez;['Participant Media', 'Imagenation Abu Dhabi', 'Double Feature Films'];03/09/2011;Sat;['Marion Cotillard', 'Matt Damon', 'Laurence Fishburne', 'Jude Law', 'Gwyneth Paltrow', 'Kate Winslet', 'Bryan Cranston', 'Jennifer Ehle', 'Sanaa Lathan'];106.0;Contagion;Scott Z. Burns
54;;['Mexico', 'Argentina'];Alberto Mar;Warner Bros. Pictures;Leoncio Lara;['Ánima Estudios', 'Illusion Studios', 'Hanna-Barbera Cartoons'];16/09/2011;Fri;['Raul Anaya', 'Jorge Arvizu', 'Jesús Guzmán', 'Eduardo Garza', 'Mario Castañeda', 'Ricardo Tejedo'];90.0;Top Cat: The Movie;
55;37000000.0;United States;Charles Martin Smith;Warner Bros. Pictures;Mark Isham;['Alcon Entertainment'];21/09/2011;Wed;['Harry Connick Jr', 'Ashley Judd', 'Nathan Gamble', 'Kris Kristofferson', 'Cozi Zuehlsdorff', 'Morgan Freeman'];113.0;Dolphin Tale;['Karen Janszen', 'Noam Dromi']
56;;Spain;Enrique Urbizu;Warner Bros.;Mario de Benito;['Telecinco Cinema', 'Lazona Films', 'Manto Films'];23/11/2011;Wed;['José Coronado', 'Juanjo Artero', 'Helena Miquel'];;No Rest for the Wicked;['Enrique Urbizu', 'Michel Gaztambide']
57;50000000.0;['United States', 'Canada'];Jim Sheridan;['Universal Pictures', '(North America)', 'Warner Bros. Pictures', '(International)'];John Debney;['Morgan Creek Productions'];30/09/2011;Fri;['Daniel Craig', 'Rachel Weisz', 'Naomi Watts', 'Marton Csokas', 'Elias Koteas', 'Jane Alexander'];92.0;Dream House;David Loucka
58;15000000.0;France;Michel Hazanavicius;Warner Bros. France;Ludovic Bource;;15/05/2011;Sun;['Jean Dujardin', 'Bérénice Bejo', 'James Cromwell', 'Penelope Ann Miller', 'Malcolm McDowell', 'Missi Pyle', 'Beth Grant', 'Ed Lauter', 'Joel Murray', 'Ken Davitian', 'John Goodman'];100.0;The Artist;Michel Hazanavicius
59;19000000.0;United States;Todd Strauss-Schulson;Warner Bros. Pictures;William Ross;['New Line Cinema', 'Mandate Pictures', 'Kingsgate Films'];04/11/2011;Fri;['John Cho', 'Kal Penn', 'Neil Patrick Harris'];89.0;A Very Harold & Kumar 3D Christmas;['Jon Hurwitz', 'Hayden Schlossberg']
60;35000000.0;United States;Clint Eastwood;Warner Bros.;Clint Eastwood;['Imagine Entertainment', 'Malpaso Productions', 'Wintergreen Productions'];03/11/2011;Thu;['Leonardo DiCaprio', 'Naomi Watts', 'Armie Hammer', 'Josh Lucas', 'Judi Dench'];137.0;J. Edgar;Dustin Lance Black
61;135000000.0;['Australia', 'United States'];George Miller;['Warner Bros. Pictures', 'Roadshow Entertainment (Australia & New Zealand)'];John Powell;['Village Roadshow Pictures', 'Kennedy Miller Mitchell', 'Dr. D Studios'];18/11/2011;Fri;['Elijah Wood', 'Robin Williams', 'Hank Azaria', 'Alecia Moore', 'Brad Pitt', 'Matt Damon', 'Sofia Vergara', 'Common', 'Hugo Weaving', 'Richard Carter', 'Magda Szubanski', 'Anthony LaPaglia'];100.0;Happy Feet Two;['George Miller', 'Gary Eck', 'Warren Coleman', 'Paul Livingston']
62;40000000.0;['Tunisia', 'France', 'Italy', 'Qatar'];Jean-Jacques Annaud;['Warner Bros.', 'Image Entertainment'];James Horner;['Quinta Communications', 'Prima TV', 'Carthago Films', 'France 2 Cinéma'];25/10/2011;Tue;['Tahar Rahim', 'Mark Strong', 'Antonio Banderas', 'Freida Pinto', 'Riz Ahmed', 'Corey Johnson', 'Liya Kebede'];130.0;Black Gold;
63;;['India', 'United Arab Emirates'];Sohan Roy;Warner Bros.;Ouseppachan;['BizTV Network'];25/11/2011;Fri;['Vinay Rai', 'Ashish Vidyarthi', 'Joshua Fredric Smith', 'Rajit Kapur', 'Vimala Raman', 'Linda Arsenio'];108.0;Dam 999;['Rob Tobin', 'Sohan Roy']
64;;United States;Garry Marshall;Warner Bros. Pictures;John Debney;['New Line Cinema', 'Wayne Rice Films', 'Karz Entertainment'];09/12/2011;Fri;"['Halle Berry', 'Jessica Biel', 'Jon Bon Jovi', 'Abigail Breslin', 'Chris ""Ludacris"" Bridges', 'Robert De Niro', 'Josh Duhamel', 'Zac Efron', 'Héctor Elizondo', 'Katherine Heigl', 'Ashton Kutcher', 'Seth Meyers', 'Lea Michele', 'Sarah Jessica Parker', 'Michelle Pfeiffer', 'Til Schweiger', 'Hilary Swank', 'Sofía Vergara']";118.0;New Year's Eve;Katherine Fugate
65;125000000.0;['United Kingdom', 'United States'];Guy Ritchie;Warner Bros. Pictures;Hans Zimmer;['Silver Pictures', 'Wigram Productions', 'Village Roadshow Pictures'];16/12/2011;Fri;['Robert Downey Jr.', 'Jude Law', 'Noomi Rapace', 'Jared Harris', 'Eddie Marsan', 'Rachel McAdams'];129.0;Sherlock Holmes: A Game of Shadows;['Michele Mulroney', 'Kieran Mulroney']
66;40000000.0;United States;Stephen Daldry;Warner Bros. Pictures;Alexandre Desplat;['Scott Rudin Productions'];25/12/2011;Sun;['Tom Hanks', 'Sandra Bullock', 'Thomas Horn', 'Max von Sydow', 'Viola Davis', 'John Goodman', 'Jeffrey Wright'];129.0;Extremely Loud & Incredibly Close;
67;25000000.0;United States;Todd Graff;Warner Bros.;Mervyn Warren;['Alcon Entertainment'];13/01/2012;Fri;['Queen Latifah', 'Dolly Parton', 'Keke Palmer', 'Courtney B. Vance', 'Jeremy Jordan', 'Kris Kristofferson'];118.0;Joyful Noise;Todd Graff
68;79000000.0;United States;Brad Peyton;Warner Bros. Pictures;Andrew Lockington;['New Line Cinema', 'Walden Media', 'Contrafilm'];19/01/2012;Thu;['Dwayne Johnson', 'Michael Caine', 'Josh Hutcherson', 'Vanessa Hudgens', 'Luis Guzmán', 'Kristin Davis'];94.0;Journey 2: The Mysterious Island;
69;12000000.0;United States;Nima Nourizadeh;Warner Bros. Pictures;;['Silver Pictures', 'Green Hat Films'];02/03/2012;Fri;['Thomas Mann', 'Oliver Cooper', 'Jonathan Daniel Brown'];88.0;Project X;
70;150000000.0;['United States', 'Spain'];Jonathan Liebesman;Warner Bros. Pictures;Javier Navarrete;['Legendary Pictures', 'Thunder Road Pictures', 'Cott Productions', 'Furia de Titanes II A.I.E.'];28/03/2012;Wed;['Sam Worthington', 'Rosamund Pike', 'Bill Nighy', 'Édgar Ramírez', 'Toby Kebbell', 'Danny Huston', 'Ralph Fiennes', 'Liam Neeson'];99.0;Wrath of the Titans;
71;25000000.0;United States;Scott Hicks;['Warner Bros. Pictures', 'Roadshow Entertainment'];Mark Isham;['Village Roadshow Pictures', 'Di Novi Pictures'];20/04/2012;Fri;['Zac Efron', 'Taylor Schilling', 'Jay R. Ferguson', 'Blythe Danner'];100.0;The Lucky One;
72;;United States;Greg MacGillivray;Warner Bros. Pictures;['Paul McCartney', 'Steve Wood'];['MacGillivray Freeman Films'];20/04/2012;Fri;;40.0;To the Arctic 3D;Stephen Judson
73;150000000.0;United States;Tim Burton;['Warner Bros. Pictures', 'Roadshow Entertainment'];Danny Elfman;['Village Roadshow Pictures', 'Infinitum Nihil', 'GK Films', 'The Zanuck Company'];11/05/2012;Fri;['Johnny Depp', 'Michelle Pfeiffer', 'Helena Bonham Carter', 'Eva Green', 'Jackie Earle Haley', 'Jonny Lee Miller', 'Chloë Grace Moretz', 'Bella Heathcote'];113.0;Dark Shadows;
74;1000000.0;United States;Brad Parker;['Warner Bros. Pictures'];Diego Stocco;['Alcon Entertainment', 'FilmNation Entertainment', 'Oren Peli/Brian Witten Productions'];25/05/2012;Fri;['Jonathan Sadowski', 'Jesse McCartney', 'Devin Kelley', 'Olivia Taylor Dudley', 'Ingrid Bolsø Berdal', 'Nathan Phillips', 'Dimitri Diatchenko'];86.0;Chernobyl Diaries;
75;75000000.0;United States;Adam Shankman;Warner Bros. Pictures;['Adam Anders', 'Peer Åström'];;15/06/2012;Fri;['Julianne Hough', 'Diego Boneta', 'Russell Brand', 'Paul Giamatti', 'Catherine Zeta-Jones', 'Malin Åkerman', 'Mary J. Blige', 'Alec Baldwin', 'Tom Cruise'];123.0;Rock of Ages;
76;7000000.0;United States;Steven Soderbergh;['Warner Bros. Pictures', 'Lionsgate', '/', 'FilmNation Entertainment'];;['Nick Wechsler Productions', 'Iron Horse Entertainment', 'Extension 765'];24/06/2012;Sun;['Channing Tatum', 'Alex Pettyfer', 'Matthew McConaughey', 'Cody Horn', 'Olivia Munn', 'Matt Bomer', 'Riley Keough', 'Joe Manganiello', 'Kevin Nash', 'Adam Rodriguez', 'Gabriel Iglesias'];110.0;Magic Mike;Reid Carolin
77;250000000.0;['United States', 'United Kingdom'];Christopher Nolan;Warner Bros. Pictures;Hans Zimmer;;16/07/2012;Mon;['Christian Bale', 'Michael Caine', 'Gary Oldman', 'Anne Hathaway', 'Tom Hardy', 'Marion Cotillard', 'Joseph Gordon-Levitt', 'Morgan Freeman'];165.0;The Dark Knight Rises;
78;95000000.0;United States;Jay Roach;Warner Bros. Pictures;Theodore {Shapiro;['Gary Sanchez Productions', 'Everyman Pictures'];04/08/2012;Sat;['Will Ferrell', 'Zach Galifianakis', 'Jason Sudeikis', 'John Lithgow', 'Dan Aykroyd', 'Brian Cox'];85.0;The Campaign;
79;17000000.0;['United States', 'Germany'];Todd Lincoln;['United States:', 'Warner Bros. Pictures', 'United Kingdom:', 'StudioCanal'];Tomandandy;['Dark Castle Entertainment', 'Studio Babelsberg'];24/08/2012;Fri;['Ashley Greene', 'Sebastian Stan', 'Tom Felton'];82.0;The Apparition;Todd Lincoln
80;;Japan;Keishi Ōtomo;Warner Bros. ( Japan );Naoki Satō;['C&I Entertainment', 'IMJ Entertainment', 'RoC Works Co.', 'Studio Swan', 'Warner Bros.'];25/08/2012;Sat;['Takeru Satoh', 'Emi Takei', 'Kōji Kikkawa', 'Yū Aoi', 'Munetaka Aoki', 'Gō Ayano', 'Eiji Okuda', 'Yōsuke Eguchi', 'Teruyuki Kagawa'];135.0;Rurouni Kenshin;
81;;['United Kingdom', 'France'];Ol Parker;['Warner Bros. Pictures (United Kingdom)', 'TF1 (France)'];Dustin O'Halloran;['Blueprint Pictures'];31/08/2012;Fri;['Dakota Fanning', 'Jeremy Irvine', 'Paddy Considine', 'Olivia Williams', 'Kaya Scodelario'];103.0;Now Is Good;
82;60000000.0;United States;Robert Lorenz;Warner Bros. Pictures;Marco Beltrami;['Malpaso Productions'];21/09/2012;Fri;['Clint Eastwood', 'Amy Adams', 'Justin Timberlake', 'John Goodman'];111.0;Trouble with the Curve;Randy Brown
83;;Germany;Til Schweiger;Warner Bros.;Martin Todsharow;['Barefoot Films', 'Warner Bros.'];24/06/2012;Sun;['Til Schweiger', 'Luna Schweiger', 'Moritz Bleibtreu'];133.0;Guardians;['Til Schweiger', 'Paul Maurice', 'Stephen Butchard']
84;44500000.0;United States;Ben Affleck;Warner Bros. Pictures;Alexandre Desplat;;31/08/2012;Fri;['Ben Affleck', 'Bryan Cranston', 'Alan Arkin', 'John Goodman'];120.0;Argo;
85;;['Germany', 'Austria'];Detlev Buck;Warner Bros.;;['Boje Buck Produktion', 'Lotus Film'];25/10/2012;Thu;['Florian David Fitz', 'Albrecht Schuch'];119.0;Measuring the World;
86;100000000.0;['Germany', 'United States'];['Lana Wachowski', 'Tom Tykwer', 'Lilly Wachowski'];['Warner Bros. Pictures', '(United States)', 'X-Verleih (Germany)'];['Tom Tykwer', 'Johnny Klimek', 'Reinhold Heil'];;08/09/2012;Sat;"['Tom Hanks', 'Halle Berry', 'Jim Broadbent', 'Hugo Weaving', 'Jim Sturgess', 'Doona Bae', 'Ben Whishaw', ""James D'Arcy"", 'Zhou Xun', 'Keith David', 'Susan Sarandon', 'Hugh Grant']";172.0;Cloud Atlas;
87;200000000.0;['New Zealand', 'United States'];Peter Jackson;Warner Bros. Pictures;Howard Shore;['New Line Cinema', 'Metro-Goldwyn-Mayer', 'WingNut Films'];28/11/2012;Wed;['Ian McKellen', 'Martin Freeman', 'Richard Armitage', 'James Nesbitt', 'Ken Stott', 'Cate Blanchett', 'Ian Holm', 'Christopher Lee', 'Hugo Weaving', 'Elijah Wood', 'Andy Serkis'];169.0;The Hobbit: An Unexpected Journey;
88;60000000.0;United States;Ruben Fleischer;Warner Bros. Pictures;Steve Jablonsky;;07/01/2013;Mon;['Josh Brolin', 'Ryan Gosling', 'Nick Nolte', 'Emma Stone', 'Anthony Mackie', 'Giovanni Ribisi', 'Michael Peña', 'Robert Patrick', 'Sean Penn'];113.0;Gangster Squad;Will Beall
89;4760000.0;['Netherlands', 'United Kingdom'];Hans Perk;['Warner Bros. Pictures', '(Netherlands)', 'SixSales (United Kingdom)'];Tom van Beers;['KRO', 'A. Film A/S', 'AB Studio Latvia', 'Mercis BV', 'Telescreen Filmproducties'];30/01/2013;Wed;['Eva Poppink', 'Marc-Marie Huijbregts', 'Hanna Verboom', 'Barry Atsma', 'Isa Hoes'];70.0;Miffy the Movie;
90;40000000.0;United States;Walter Hill;Warner Bros. Pictures;['Steve Mazzaro'];['Dark Castle Entertainment', 'IM Global', 'Millar Gough Ink', 'Emjag', 'After Dark Films'];14/11/2012;Wed;['Sylvester Stallone', 'Sung Kang', 'Sarah Shahi', 'Adewale Akinnuoye-Agbaje', 'Christian Slater', 'Jason Momoa'];91.0;Bullet to the Head;Alessandro Camon
91;50000000.0;United States;Richard LaGravenese;Warner Bros. Pictures;Thenewno2;['Alcon Entertainment'];19/01/2013;Sat;['Alden Ehrenreich', 'Alice Englert', 'Jeremy Irons', 'Viola Davis', 'Emmy Rossum', 'Thomas Mann', 'Emma Thompson'];124.0;Beautiful Creatures;
92;;Japan;Hiroshi Nishikiori;Warner Bros. Pictures Japan;Maiko Iuchi;['ASCII Media Works', 'AT-X', 'Geneon Universal Entertainment', 'J.C.Staff', 'Square Enix', 'Sanzigen'];23/02/2013;Sat;['Atsushi Abe', 'Yuka Iguchi', 'Rina Satō', 'Sachika Misawa'];90.0;A Certain Magical Index: The Movie – The Miracle of Endymion;Hiroyuki Yoshino
93;195000000.0;United States;Bryan Singer;Warner Bros. Pictures;John Ottman;['New Line Cinema', 'Legendary Pictures', 'Original Film', 'Big Kid Pictures', 'Bad Hat Harry Productions'];26/02/2013;Tue;['Nicholas Hoult', 'Eleanor Tomlinson', 'Stanley Tucci', 'Ian McShane', 'Bill Nighy', 'Ewan McGregor'];115.0;Jack the Giant Slayer;
94;;Spain;Pedro Almodóvar;Warner Bros. Pictures;Alberto Iglesias;['El Deseo'];08/03/2013;Fri;['Antonio de la Torre', 'Hugo Silva', 'Miguel Ángel Silvestre', 'Laya Martí', 'Javier Cámara', 'Carlos Areces', 'Raúl Arévalo', 'José María Yazpik', 'Guillermo Toledo', 'José Luis Torrijo', 'Lola Dueñas', 'Cecilia Roth', 'Blanca Suárez'];90.0;I'm So Excited!;Pedro Almodóvar
95;34000000.0;United States;Don Scardino;Warner Bros. Pictures;Lyle Workman;['New Line Cinema', 'Benderspink', 'Carousel'];08/03/2013;Fri;['Steve Carell', 'Steve Buscemi', 'Olivia Wilde', 'Alan Arkin', 'James Gandolfini', 'Jim Carrey'];100.0;The Incredible Burt Wonderstone;
96;6545000.0;Spain;['David Pastor', 'Àlex Pastor'];Warner Bros. Spain;Fernando Velázquez;['Morena Films', 'Antena 3 Films', 'Rebelion Terrestre'];20/03/2013;Wed;['Quim Gutiérrez', 'José Coronado', 'Marta Etura'];100.0;The Last Days;['David Pastor', 'Àlex Pastor']
97;40000000.0;United States;Brian Helgeland;Warner Bros. Pictures;Mark Isham;['Legendary Pictures'];12/04/2013;Fri;['Chadwick Boseman', 'Harrison Ford', 'Nicole Beharie', 'Christopher Meloni', 'André Holland', 'Lucas Black', 'Hamish Linklater', 'Ryan Merriman'];128.0;42;Brian Helgeland
98;;Japan;Takashi Miike;Warner Bros. Japan;Kôji Endô;['NTV', 'OLM', 'Warner Bros. Japan', 'Kōdansha', 'Yahoo! Japan', 'East Japan Marketing & Communications Inc.', 'YTV', 'STB', 'MMT', 'SDT', 'CTV', 'HTV', 'FBS'];26/04/2013;Fri;['Takao Osawa', 'Nanako Matsushima', 'Tatsuya Fujiwara', 'Tsutomu Yamazaki'];125.0;Shield of Straw;Tamio Hayashi
99;105000000.0;['Australia', 'United States'];Baz Luhrmann;['Warner Bros. Pictures (United States)', 'Roadshow Entertainment (Australia)'];Craig Armstrong;;01/05/2013;Wed;['Leonardo DiCaprio', 'Tobey Maguire', 'Carey Mulligan', 'Joel Edgerton', 'Isla Fisher', 'Jason Clarke', 'Elizabeth Debicki', 'Amitabh Bachchan'];142.0;The Great Gatsby;
100;103000000.0;United States;Todd Phillips;Warner Bros. Pictures;Christophe Beck;;20/05/2013;Mon;['Bradley Cooper', 'Ed Helms', 'Zach Galifianakis', 'Ken Jeong', 'Heather Graham', 'Jeffrey Tambor', 'Justin Bartha', 'John Goodman'];100.0;The Hangover Part III;['Craig Mazin', 'Todd Phillips']
101;225000000.0;['United Kingdom', 'United States'];Zack Snyder;Warner Bros. Pictures;Hans Zimmer;;10/06/2013;Mon;['Henry Cavill', 'Amy Adams', 'Michael Shannon', 'Kevin Costner', 'Diane Lane', 'Laurence Fishburne', 'Antje Traue', 'Ayelet Zurer', 'Christopher Meloni', 'Russell Crowe'];143.0;Man of Steel;
102;;Japan;Yoichi Fujita;Warner Bros. Japan;Audio Highs;['Sunrise', 'Shueisha', 'Aniplex', 'TV Tokyo', 'Dentsu', 'Bandai', 'Warner Bros. Japan'];06/07/2013;Sat;['Tomokazu Sugita', 'Daisuke Sakaguchi', 'Rie Kugimiya', 'Susumu Chiba', 'Kazuya Nakai', 'Kenichi Suzumura', 'Akira Ishida', 'Kōichi Yamadera'];110.0;Gintama: The Movie: The Final Chapter: Be Forever Yorozuya;
103;180000000.0;United States;Guillermo del Toro;Warner Bros. Pictures;Ramin Djawadi;;01/07/2013;Mon;['Charlie Hunnam', 'Idris Elba', 'Rinko Kikuchi', 'Charlie Day', 'Rob Kazinsky', 'Max Martini', 'Ron Perlman'];132.0;Pacific Rim;
104;20000000.0;United States;James Wan;Warner Bros. Pictures;Joseph Bishara;;15/07/2013;Mon;['Vera Farmiga', 'Patrick Wilson', 'Ron Livingston', 'Lili Taylor'];112.0;The Conjuring;['Chad Hayes', 'Carey W. Hayes']
105;37000000.0;United States;Rawson Marshall Thurber;Warner Bros. Pictures;['Theodore Shapiro', 'Ludwig Göransson'];;03/08/2013;Sat;['Jason Sudeikis', 'Jennifer Aniston', 'Emma Roberts', 'Nick Offerman', 'Kathryn Hahn', 'Ed Helms', 'Will Poulter'];110.0;We're the Millers;
106;18000000.0;United States;Courtney Solomon;Warner Bros. Pictures;Justin Burnett;['Dark Castle Entertainment', 'Signature Entertainment', 'After Dark Films', 'Silver Reel'];30/08/2013;Fri;['Ethan Hawke', 'Selena Gomez', 'Jon Voight', 'Rebecca Budig', 'Bruce Payne'];90.0;Getaway;['Gregg Maxwell Parker', 'Sean Finegan']
107;;Spain;Daniel Sánchez Arévalo;Warner Bros. Spain;;;13/09/2013;Fri;['Antonio de la Torre', 'Roberto Álamo'];95.0;Family United;
108;;Japan;Lee Sang-il;Warner Bros.;Taro Iwashiro;['Nikkatsu', 'Office Shirous', 'Warner Bros. Pictures'];06/09/2013;Fri;Ken Watanabe;135.0;Unforgiven;['David Webb Peoples', 'Lee Sang-il']
109;46000000.0;United States;Denis Villeneuve;['Warner Bros. Pictures', '(United States)', 'Summit Entertainment', '(International)'];Jóhann Jóhannsson;['Alcon Entertainment', '8:38 Productions', 'Madhouse Entertainment'];30/08/2013;Fri;['Hugh Jackman', 'Jake Gyllenhaal', 'Viola Davis', 'Maria Bello', 'Terrence Howard', 'Melissa Leo', 'Paul Dano'];153.0;Prisoners;Aaron Guzikowski
110;100000000.0;['United States', 'United Kingdom'];Alfonso Cuarón;Warner Bros. Pictures;Steven Price;['Heyday Films', 'Esperanto Filmoj'];28/08/2013;Wed;['Sandra Bullock', 'George Clooney'];91.0;Gravity;['Alfonso Cuarón', 'Jonás Cuarón']
111;;Japan;Hitoshi Matsumoto;['Drafthouse Films', '(US)', 'Warner Bros. (Japan)'];['Shûichi Sakamoto', 'Shûichirô Toki'];['Warner Bros.', 'Phantom Film', 'Yoshimoto Kogyo Company'];12/09/2013;Thu;['Nao Ōmori', 'Shinobu Terajima', 'Hitoshi Matsumoto', 'Ai Tominaga', 'Eriko Sato'];94.0;R100;
112;4400000.0;['Spain', 'United Kingdom', 'United States', 'France'];Jorge Dorado;['Warner Bros.', 'Vertical Entertainment'];['Lucas Vidal', 'John Ottman'];;13/10/2013;Sun;['Mark Strong', 'Taissa Farmiga', 'Noah Taylor', 'Brian Cox'];99.0;Mindscape;
113;;Germany;Markus Goller;Warner Bros.;;['Cactus Films', 'Pantaleon Films'];17/10/2013;Thu;['Matthias Schweighöfer', 'Ruth Maria Kubitschek'];105.0;Frau Ella;
114;;Japan;Katsuhide Motoki;Warner Bros. Pictures Japan;Yoshihiro Ike;['Warner Bros. Pictures Japan', 'East Japan Marketing & Communications Inc.', 'Shirogumi', 'The Asahi Shimbun', 'GyaO', 'Tokyo FM'];22/11/2013;Fri;['Hiroshi Tamaki', 'Rin Takanashi', 'Fumino Kimura', 'Masahiro Higashide', 'Tsubasa Honda', 'Miwako Ichikawa', 'Saburō Tokitō', 'Nene Otsuka', 'Nenji Kobayashi', 'Chieko Baisho'];106.0;It All Began When I Met You;Atsuko Hashibe
115;191200000.0;['New Zealand', 'United States'];Peter Jackson;Warner Bros. Pictures;Howard Shore;['New Line Cinema', 'Metro-Goldwyn-Mayer', 'WingNut Films'];02/12/2013;Mon;['Ian McKellen', 'Martin Freeman', 'Richard Armitage', 'Benedict Cumberbatch', 'Evangeline Lilly', 'Lee Pace', 'Luke Evans', 'Ken Stott', 'James Nesbitt', 'Orlando Bloom'];161.0;The Hobbit: The Desolation of Smaug;
116;23000000.0;United States;Spike Jonze;['Warner Bros. Pictures', '(United States/Germany)', 'Sony Pictures Releasing', '(International)'];Arcade Fire;['Annapurna Pictures'];13/10/2013;Sun;['Joaquin Phoenix', 'Amy Adams', 'Rooney Mara', 'Olivia Wilde', 'Scarlett Johansson'];126.0;Her;Spike Jonze
117;40000000.0;United States;Peter Segal;Warner Bros. Pictures;Trevor Rabin;['Gerber Pictures', 'Callahan Filmworks'];25/12/2013;Wed;['Sylvester Stallone', 'Robert De Niro', 'Kevin Hart', 'Alan Arkin', 'Kim Basinger', 'Jon Bernthal'];113.0;Grudge Match;
118;;Japan;['Kentarō Ōtani', 'Keiichi Satō'];Warner Bros. Pictures Japan;Akihisa Matsuura;;18/01/2014;Sat;['Hiro Mizushima', 'Ayame Goriki'];119.0;Black Butler;Tsutomu Kuroiwa
119;;Germany;Matthias Schweighöfer;Warner Bros.;;['Pantaleon Films', 'Wiedemann & Berg Filmproduktion'];06/02/2014;Thu;['Matthias Schweighöfer', 'Isabell Polak'];110.0;Joy of Fatherhood;
120;60000000.0;['Australia', 'Denmark', 'United States'];['Phil Lord', 'Christopher Miller'];['Warner Bros. Pictures (Worldwide)', 'Roadshow Entertainment'];Mark Mothersbaugh;;01/02/2014;Sat;['Chris Pratt', 'Will Ferrell', 'Elizabeth Banks', 'Will Arnett', 'Nick Offerman', 'Alison Brie', 'Charlie Day', 'Liam Neeson', 'Morgan Freeman'];100.0;The Lego Movie;
121;75000000.0;United States;Akiva Goldsman;Warner Bros. Pictures;['Hans Zimmer', 'Rupert Gregson-Williams'];['Weed Road Pictures', 'Marc Platt Productions'];13/02/2014;Thu;['Colin Farrell', 'Jessica Brown Findlay', 'Jennifer Connelly', 'William Hurt', 'Eva Marie Saint', 'Russell Crowe'];118.0;Winter's Tale;Akiva Goldsman
122;110000000.0;United States;Noam Murro;Warner Bros. Pictures;Junkie XL;;04/03/2014;Tue;['Sullivan Stapleton', 'Eva Green', 'Lena Headey', 'Hans Matheson', 'Rodrigo Santoro'];102.0;300: Rise of an Empire;
123;6000000.0;United States;Rob Thomas;Warner Bros. Pictures;Josh Kramon;['Warner Bros. Digital', 'Spondoolie Productions'];08/03/2014;Sat;['Kristen Bell', 'Jason Dohring', 'Krysten Ritter', 'Ryan Hansen', 'Francis Capra', 'Percy Daggs III', 'Chris Lowell', 'Tina Majorino', 'Enrico Colantoni'];107.0;Veronica Mars;
124;;['Canada', 'United States', 'Madagascar'];David Douglas;['IMAX Pictures', 'Warner Bros.'];Mark Mothersbaugh;;04/04/2014;Fri;;41.0;Island of Lemurs: Madagascar;Drew Fellman
125;100000000.0;United States;Wally Pfister;['Warner Bros. Pictures (United States & Canada)', '(United States & Canada)', 'Summit Entertainment (International)', '(International)'];Mychael Danna;['Alcon Entertainment', 'DMG Entertainment', 'Straight Up Films'];10/04/2014;Thu;['Johnny Depp', 'Morgan Freeman', 'Rebecca Hall', 'Kate Mara', 'Cillian Murphy', 'Cole Hauser', 'Paul Bettany'];119.0;Transcendence;Jack Paglen
126;160000000.0;United States;Gareth Edwards;['Warner Bros. Pictures', 'Toho'];Alexandre Desplat;['Legendary Pictures'];08/05/2014;Thu;['Aaron Taylor-Johnson', 'Ken Watanabe', 'Elizabeth Olsen', 'Juliette Binoche', 'Sally Hawkins', 'David Strathairn', 'Bryan Cranston'];123.0;Godzilla;
127;40000000.0;United States;Frank Coraci;Warner Bros. Pictures;Rupert Gregson-Williams;['Happy Madison Productions', 'Gulfstream Pictures', 'RatPac-Dune Entertainment'];23/05/2014;Fri;['Adam Sandler', 'Drew Barrymore', 'Kevin Nealon', 'Terry Crews', 'Wendi McLendon-Covey'];117.0;Blended;['Clare Sera', 'Ivan Menchell']
128;178000000.0;United States;Doug Liman;Warner Bros. Pictures;Christophe Beck;;28/05/2014;Wed;['Tom Cruise', 'Emily Blunt', 'Bill Paxton', 'Brendan Gleeson'];113.0;Edge of Tomorrow;
129;40000000.0;United States;Clint Eastwood;Warner Bros. Pictures;Bob Gaudio;['Ratpac-Dune Entertainment', 'GK Films', 'Malpaso Productions'];05/06/2014;Thu;['John Lloyd Young', 'Erich Bergen', 'Michael Lomenda', 'Vincent Piazza', 'Christopher Walken'];134.0;Jersey Boys;
130;20000000.0;United States;Ben Falcone;Warner Bros. Pictures;Michael Andrews;;02/07/2014;Wed;['Melissa McCarthy', 'Susan Sarandon', 'Allison Janney', 'Gary Cole', 'Mark Duplass', 'Sandra Oh', 'Dan Aykroyd', 'Kathy Bates'];97.0;Tammy;['Ben Falcone', 'Melissa McCarthy']
131;50000000.0;United States;Steven Quale;Warner Bros. Pictures;Brian Tyler;['New Line Cinema', 'Broken Road Productions', 'Village Roadshow Pictures', 'Amblin Entertainment'];08/08/2014;Fri;['Richard Armitage', 'Sarah Wayne Callies', 'Matt Walsh', 'Alycia Debnam-Carey', 'Arlen Escarpeta'];89.0;Into the Storm;John Swetnam
132;4000000.0;['Argentina', 'Spain'];Damián Szifron;Warner Sogefilms;Gustavo Santaolalla;['Kramer & Sigman Films', 'El Deseo', 'Telefe Productions', 'Corner Contenidos'];17/05/2014;Sat;['Ricardo Darín', 'Oscar Martínez', 'Leonardo Sbaraglia', 'Érica Rivas', 'Rita Cortese', 'Julieta Zylberberg', 'Darío Grandinetti'];122.0;Wild Tales;Damián Szifron
133;11000000.0;United States;R. J. Cutler;Warner Bros. Pictures;Heitor Pereira;['New Line Cinema', 'Metro-Goldwyn-Mayer', 'Di Novi Pictures'];18/08/2014;Mon;['Chloë Grace Moretz', 'Mireille Enos', 'Jamie Blackley', 'Joshua Leonard', 'Stacy Keach', 'Aisha Hinds'];106.0;If I Stay;
134;36000000.0;United States;Charles Martin Smith;Warner Bros. Pictures;Rachel Portman;['Alcon Entertainment'];12/09/2014;Fri;['Harry Connick Jr.', 'Ashley Judd', 'Nathan Gamble', 'Kris Kristofferson', 'Cozi Zuehlsdorff', 'Morgan Freeman'];107.0;Dolphin Tale 2;Charles Martin Smith
135;19800000.0;United States;Shawn Levy;Warner Bros. Pictures;Michael Giacchino;['Spring Creek Productions', '21 Laps Entertainment'];19/09/2014;Fri;['Jason Bateman', 'Tina Fey', 'Adam Driver', 'Rose Byrne', 'Corey Stoll', 'Kathryn Hahn', 'Connie Britton', 'Timothy Olyphant', 'Dax Shepard', 'Jane Fonda'];103.0;This Is Where I Leave You;
136;4760000.0;Spain;Alberto Rodríguez;Warner Bros.;Julio de la Rosa;;26/09/2014;Fri;['Raúl Arévalo', 'Javier Gutiérrez', 'Nerea Barros', 'Antonio de la Torre'];105.0;Marshland;['Alberto Rodríguez', 'Rafael Cobos']
137;10700000.0;France;Tonie Marshall;Warner Bros.;"['Philippe Cohen-Solal', 'Christophe Chassol', 'Loïk Dury', 'Christophe ""Disco"" Minck']";['Tabo Tabo Films', 'Arena Productions', 'Cinéfrance 1888', 'TF1 Films Production', 'Entre Chien et Loup'];22/08/2014;Fri;['Sophie Marceau', 'Patrick Bruel'];111.0;The Missionaries;['Tonie Marshall', 'Sophie Kovess-Brun', 'Erwan Augoyard', 'Nicolas Mercier']
138;6500000.0;United States;John R. Leonetti;Warner Bros. Pictures;Joseph Bishara;['New Line Cinema', 'RatPac-Dune Entertainment', 'Atomic Monster Productions', 'The Safran Company'];29/09/2014;Mon;['Annabelle Wallis', 'Ward Horton', 'Alfre Woodard'];98.0;Annabelle;Gary Dauberman
139;;['United States', 'India'];Philippe Falardeau;['Warner Bros. Pictures (US)', 'Summit Entertainment (International)'];Martin Leon;['Alcon Entertainment', 'Imagine Entertainment', 'Black Label Media', 'Reliance Entertainment'];07/09/2014;Sun;['Reese Witherspoon', 'Arnold Oceng', 'Ger Duany', 'Emmanuel Jal', 'Corey Stoll', 'Sarah Baker', 'Kuoth Wiel'];110.0;The Good Lie;Margaret Nagle
140;45000000.0;United States;David Dobkin;Warner Bros. Pictures;Thomas Newman;;04/09/2014;Thu;"['Robert Downey Jr.', 'Robert Duvall', 'Vera Farmiga', ""Vincent D'Onofrio"", 'Jeremy Strong', 'Dax Shepard', 'Leighton Meester', 'Billy Bob Thornton']";142.0;The Judge;
141;;Germany;Marco Kreuzpaintner;Warner Bros.;['Peter Plate', 'Ulf Leo Sommer', 'Daniel Faust'];['Summerstorm Entertainment', 'Warner Bros.', 'Bavaria Film Partners'];24/10/2014;Fri;['Kostja Ullmann', 'Aylin Tezel', 'Ken Duken', 'Katja Riemann'];104.0;Coming In;
142;165000000.0;['United States', 'United Kingdom'];Christopher Nolan;['Paramount Pictures (North America)', 'Warner Bros. Pictures (International)'];Hans Zimmer;;26/10/2014;Sun;['Matthew McConaughey', 'Anne Hathaway', 'Jessica Chastain', 'Bill Irwin', 'Ellen Burstyn', 'Michael Caine'];169.0;Interstellar;['Jonathan Nolan', 'Christopher Nolan']
143;42000000.0;United States;Sean Anders;Warner Bros. Pictures;Christopher Lennertz;['New Line Cinema', 'Benderspink', 'RatPac Entertainment'];12/11/2014;Wed;['Jason Bateman', 'Charlie Day', 'Jason Sudeikis', 'Jennifer Aniston', 'Jamie Foxx', 'Chris Pine', 'Christoph Waltz'];108.0;Horrible Bosses 2;
144;12500000.0;Spain;Javier Fesser;['Warner Bros.', 'Warner Home Video'];Rafael Arnau;;28/11/2014;Fri;['Karra Elejalde', 'Janfri Topera', 'Ángel Chame', 'Mariano Venancio', 'Víctor Monigote', 'Emilio Gavira'];88.0;Mortadelo and Filemon: Mission Implausible;['Javier Fesser', 'Cristóbal Ruiz', 'Claro García']
145;;United Kingdom;Christopher Smith;Warner Bros. Pictures;Ilan Eshkeri;['Scott Free Productions', 'British Film Institute', 'Screen Yorkshire', 'Ingenious'];05/12/2014;Fri;['Jim Broadbent', 'Rafe Spall', 'Warwick Davis'];102.0;Get Santa;Christopher Smith
146;20000000.0;United States;Paul Thomas Anderson;Warner Bros.;Jonny Greenwood;['IAC Films', 'RatPac-Dune Entertainment', 'Ghoulardi Film Company'];04/10/2014;Sat;['Joaquin Phoenix', 'Josh Brolin', 'Owen Wilson', 'Katherine Waterston', 'Reese Witherspoon', 'Benicio del Toro', 'Martin Short', 'Jena Malone', 'Joanna Newsom'];149.0;Inherent Vice;
147;250000000.0;['New Zealand', 'United States'];Peter Jackson;Warner Bros. Pictures;Howard Shore;;01/12/2014;Mon;"['Ian McKellen', 'Martin Freeman', 'Richard Armitage', 'Evangeline Lilly', 'Lee Pace', 'Luke Evans', 'Benedict Cumberbatch', 'Ken Stott', 'Aidan Turner', ""Dean O'Gorman"", 'Billy Connolly', 'Graham McTavish', 'James Nesbitt', 'Stephen Fry', 'Ryan Gage', 'Cate Blanchett', 'Ian Holm', 'Christopher Lee', 'Hugo Weaving', 'Orlando Bloom']";144.0;The Hobbit: The Battle of the Five Armies;
148;59000000.0;United States;Clint Eastwood;Warner Bros. Pictures;;;11/11/2014;Tue;['Bradley Cooper', 'Sienna Miller'];132.0;American Sniper;
149;176000000.0;['United States', 'Australia'];The Wachowskis;['Warner Bros. Pictures', 'Roadshow Entertainment'];Michael Giacchino;['Village Roadshow Pictures', 'RatPac-Dune Entertainment', 'Anarchos Productions'];27/01/2015;Tue;['Channing Tatum', 'Mila Kunis', 'Sean Bean', 'Eddie Redmayne', 'Douglas Booth'];127.0;Jupiter Ascending;The Wachowskis
150;;Germany;Anika Decker;Warner Bros.;;['Decker Bros.', 'Hellinger / Doll Filmproduktion'];19/02/2015;Thu;['Hannah Herzsprung', 'Karoline Herfurth'];109.0;Traumfrauen;
151;50100000.0;United States;['Glenn Ficarra', 'John Requa'];Warner Bros. Pictures;Nick Urata;['RatPac-Dune Entertainment', 'Di Novi Pictures', 'Kramer & Sigman Films', 'Overbrook Entertainment', 'Zaftig Films'];11/02/2015;Wed;['Will Smith', 'Margot Robbie', 'Rodrigo Santoro', 'Gerald McRaney'];104.0;Focus;['Glenn Ficarra', 'John Requa']
152;;Spain;Nacho García Velilla;Warner Bros. Spain;;;06/03/2015;Fri;['Yon González', 'Julián López', 'Blanca Suárez', 'José Sacristán', 'Miki Esparbé', 'Úrsula Corberó', 'Malena Alterio', 'Younes Bachir', 'Javier Cámara', 'Carmen Machi'];104.0;Off Course;
153;50000000.0;United States;Jaume Collet-Serra;Warner Bros. Pictures;Junkie XL;['RatPac-Dune Entertainment', 'Energy Entertainment', 'Vertigo Entertainment'];09/03/2015;Mon;"['Liam Neeson', 'Ed Harris', 'Joel Kinnaman', ""Vincent D'Onofrio"", 'Common', 'Boyd Holbrook']";114.0;Run All Night;Brad Ingelsby
154;;Germany;Matthias Schweighöfer;Warner Bros.;;['Erfttal Film', 'ARRI Productions', 'Pantaleon Films', 'Warner Bros.'];26/03/2015;Thu;['Matthias Schweighöfer', 'Milan Peschel', 'Paula Hartmann', 'Arved Friese'];;The Manny;['Matthias Schweighöfer', 'Murmel Clausen', 'Finn Christoph Stroeks', 'Lucy Astner']
155;40000000.0;United States;Etan Cohen;Warner Bros. Pictures;Christophe Beck;['Gary Sanchez Productions', 'RatPac-Dune Entertainment'];16/03/2015;Mon;"['Will Ferrell', 'Kevin Hart', ""Tip 'T.I.' Harris"", 'Alison Brie', 'Craig T. Nelson']";100.0;Get Hard;
156;;['Germany', 'Austria', 'Ireland'];Tobi Baumann;Warner Bros.;Ralf Wengenmayr;['Lucky Bird Pictures', 'Immer Wieder Gerne Film', 'Lotus Film', 'Ripple World Pictures', 'Warner Bros.', 'Fish Blowing Bubbles'];02/04/2015;Thu;['Anke Engelke', 'Milo Parker'];99.0;Ghosthunters: On Icy Trails;
157;;United States;Ryan Gosling;Warner Bros. Pictures;Johnny Jewel;['Bold Films', 'Marc Platt Productions', 'Phantasma'];20/05/2014;Tue;['Christina Hendricks', 'Saoirse Ronan', 'Iain De Caestecker', 'Matt Smith', 'Eva Mendes', 'Ben Mendelsohn'];95.0;Lost River;Ryan Gosling
158;22500000.0;['Australia', 'United States'];Russell Crowe;['Entertainment One Films (Australia)', 'Universal Pictures Australia (Australia)', 'Warner Bros. Pictures (United States)'];David Hirschfelder;['RatPac Entertainment', 'Seven Network Australia', 'Hopscotch Features', 'Fear of God Films'];26/12/2014;Fri;['Russell Crowe', 'Olga Kurylenko', 'Yılmaz Erdoğan', 'Jacqueline McKenzie'];111.0;The Water Diviner;['Andrew Anastasios', 'Andrew Knight']
159;35000000.0;United States;Anne Fletcher;Warner Bros. Pictures;Christophe Beck;['New Line Cinema', 'Metro-Goldwyn-Mayer', 'Pacific Standard'];08/05/2015;Fri;['Reese Witherspoon', 'Sofía Vergara'];87.0;Hot Pursuit;['David Feeney', 'John Quaintance']
160;;Spain;Daniel Guzmán;Warner Bros. Spain;;;23/04/2015;Thu;['Miguel Herrán', 'Antonio Bachiller'];93.0;Nothing in Return;
161;150000000.0;Australia;George Miller;['Roadshow Films (Australia)', 'Warner Bros. Pictures (International)'];Tom Holkenborg a.k.a. Junkie XL;;07/05/2015;Thu;['Tom Hardy', 'Charlize Theron', 'Nicholas Hoult', 'Hugh Keays-Byrne', 'Rosie Huntington-Whiteley', 'Riley Keough', 'Zoë Kravitz', 'Abbey Lee', 'Courtney Eaton'];120.0;Mad Max: Fury Road;['George Miller', 'Brendan McCarthy', 'Nico Lathouris']
162;110000000.0;United States;Brad Peyton;Warner Bros. Pictures;Andrew Lockington;['New Line Cinema', 'Village Roadshow Pictures', 'RatPac-Dune Entertainment', 'Flynn Picture Co.'];27/05/2015;Wed;['Dwayne Johnson', 'Carla Gugino', 'Alexandra Daddario', 'Ioan Gruffudd', 'Archie Panjabi', 'Paul Giamatti'];114.0;San Andreas;
163;27000000.0;United States;Doug Ellin;Warner Bros. Pictures;;;27/05/2015;Wed;['Kevin Connolly', 'Adrian Grenier', 'Kevin Dillon', 'Jerry Ferrara', 'Jeremy Piven'];104.0;Entourage;
164;;United States;Dana Nachman;Warner Bros. Pictures;Dave Tweedie;['KTF Films', 'New Line Cinema'];24/01/2015;Sat;['Miles Scott', 'Eric Johnson', 'Or Oppenheimer', 'Ron Oppenheimer'];87.0;Batkid Begins;['Dana Nachman', 'Kurt Kuenne']
165;20000000.0;United States;Boaz Yakin;Warner Bros. Pictures;Trevor Rabin;['Metro-Goldwyn-Mayer', 'RatPac-Dune Entertainment', 'Sunswept Entertainment'];26/06/2015;Fri;['Josh Wiggins', 'Lauren Graham', 'Thomas Haden Church'];111.0;Max;
166;14800000.0;United States;Gregory Jacobs;Warner Bros. Pictures;;['Iron Horse Entertainment', 'RatPac-Dune Entertainment'];25/06/2015;Thu;['Channing Tatum', 'Matt Bomer', 'Joe Manganiello', 'Kevin Nash', 'Adam Rodríguez', 'Gabriel Iglesias', 'Amber Heard', 'Donald Glover', 'Andie MacDowell', 'Elizabeth Banks', 'Jada Pinkett Smith'];115.0;Magic Mike XXL;Reid Carolin
167;100000.0;United States;['Chris Lofing', 'Travis Cluff'];Warner Bros. Pictures;Zach Lemmon;['New Line Cinema', 'Blumhouse Productions', 'Entertainment 360', 'Tremendum Pictures'];30/06/2015;Tue;['Reese Mishler', 'Pfeifer Brown', 'Ryan Shoos', 'Ariel Castro', 'Cassidy Gifford'];81.0;The Gallows;['Chris Lofing', 'Travis Cluff']
168;31000000.0;United States;['Jonathan Goldstein', 'John Francis Daley'];Warner Bros. Pictures;Mark Mothersbaugh;;29/07/2015;Wed;"['Ed Helms', 'Christina Applegate', 'Leslie Mann', ""Beverly D'Angelo"", 'Ron Livingston', 'Skyler Gisondo', 'Steele Stebbins', 'Chris Hemsworth', 'Chevy Chase']";99.0;Vacation;['Jonathan Goldstein', 'John Francis Daley']
169;75000000.0;['United States', 'United Kingdom'];Guy Ritchie;Warner Bros. Pictures;Daniel Pemberton;;02/08/2015;Sun;['Henry Cavill', 'Armie Hammer', 'Alicia Vikander', 'Elizabeth Debicki', 'Jared Harris', 'Hugh Grant'];116.0;The Man from U.N.C.L.E.;
170;;United States;['J. G. Quintel', 'Robert Alvarez', 'Brian Sheesley'];['Warner Home Video', 'Cartoon Network'];['Mark Mothersbaugh', 'John Enroth', 'Albert Fox'];['Cartoon Network Studios'];14/08/2015;Fri;['William Salyers', 'J. G. Quintel', 'Sam Marin', 'Mark Hamill', 'Jason Mantzoukas', 'David Koechner'];68.0;Regular Show: The Movie;
171;2000000.0;['United States', 'United Kingdom', 'France'];Max Joseph;['StudioCanal', 'Warner Bros.'];Stewart Copeland;;11/08/2015;Tue;['Zac Efron', 'Emily Ratajkowski', 'Shiloh Fernandez', 'Alex Shaffer', 'Jonny Weston', 'Wes Bentley'];96.0;We Are Your Friends;
172;2200000.0;Spain;Javier Ruiz Caldera;Warner Bros. Spain;['Marc Blanes Matas', 'Pablo Uroz'];;04/09/2015;Fri;Imanol Arias;87.0;Spy Time;['Pablo Alén', 'Breixo Corral', 'Fernando Navarro']
173;53000000.0;United States;Scott Cooper;Warner Bros. Pictures;Tom Holkenborg;['Cross Creek Pictures', 'RatPac-Dune Entertainment', 'Infinitum Nihil', 'Le Grisbi Productions', 'Free State Pictures', 'Head Gear Films', 'Vendian Entertainment'];04/09/2015;Fri;['Johnny Depp', 'Joel Edgerton', 'Benedict Cumberbatch', 'Rory Cochrane', 'Kevin Bacon', 'Jesse Plemons', 'Corey Stoll', 'Peter Sarsgaard', 'Dakota Johnson', 'Adam Scott'];123.0;Black Mass;
174;35000000.0;United States;Nancy Meyers;Warner Bros. Pictures;Theodore Shapiro;['RatPac-Dune Entertainment', 'Waverly Films'];15/09/2015;Tue;['Robert De Niro', 'Anne Hathaway', 'Rene Russo'];121.0;The Intern;Nancy Meyers
175;;['Spain', 'France'];Dani de la Torre;Warner Bros. Spain;Manuel Riveiro;;02/09/2015;Wed;['Luis Tosar', 'Javier Gutiérrez', 'Goya Toledo', 'Elvira Mínguez', 'Fernando Cayo', 'Paula del Río', 'Marco Sanz', 'Luiz Zahera', 'Ricardo de Barreiro', 'María Mena', 'Antonio Mourelos'];96.0;Retribution;Alberto Marini
176;150000000.0;United States;Joe Wright;Warner Bros. Pictures;John Powell;;20/09/2015;Sun;['Hugh Jackman', 'Garrett Hedlund', 'Rooney Mara', 'Levi Miller', 'Amanda Seyfried'];111.0;Pan;Jason Fuchs
177;8000000.0;['India', 'Mexico'];Andrés Couturier;Warner Bros. Pictures;Leoncio Lara Bon;['Ánima Estudios', 'Discreet Arts Productions'];30/10/2015;Fri;['Raúl Anaya', 'Mauricio Pérez', 'Jesús Guzmán', 'Gerardo Alonso', 'Mario Filio', 'Octavio Rojas'];90.0;Top Cat Begins;
178;28000000.0;United States;David Gordon Green;Warner Bros. Pictures;David Wingo;;11/09/2015;Fri;['Sandra Bullock', 'Billy Bob Thornton', 'Anthony Mackie', 'Joaquim de Almeida', 'Ann Dowd', 'Scoot McNairy', 'Zoe Kazan'];107.0;Our Brand Is Crisis;
179;26000000.0;['United States', 'Chile', 'Colombia'];Patricia Riggen;['Warner Bros. Pictures', '(North America)', '20th Century Fox', '(Latin America)'];James Horner;;06/08/2015;Thu;['Antonio Banderas', 'Rodrigo Santoro', 'Juliette Binoche', 'James Brolin', 'Lou Diamond Phillips', 'Mario Casas', 'Adriana Barraza', 'Kate del Castillo', 'Cote de Pablo', 'Bob Gunton', 'Gabriel Byrne', 'Oscar Nunez'];127.0;The 33;
180;35000000.0;United States;Ryan Coogler;Warner Bros. Pictures;Ludwig Göransson;;19/11/2015;Thu;['Michael B. Jordan', 'Sylvester Stallone', 'Tessa Thompson', 'Phylicia Rashad', 'Anthony Bellew'];133.0;Creed;
181;100000000.0;['United States', 'Spain'];Ron Howard;Warner Bros. Pictures;Roque Baños;;07/12/2015;Mon;['Chris Hemsworth', 'Benjamin Walker', 'Cillian Murphy', 'Tom Holland', 'Ben Whishaw', 'Brendan Gleeson'];122.0;In the Heart of the Sea;
182;;Germany;Julia von Heinz;Warner Bros.;['Alexander Geringas', 'Joachim Schlüter'];['Gesellschaft für feine Filme', 'UFA Fiction'];24/12/2015;Thu;Devid Striesow;92.0;I'm Off Then;
183;105000000.0;['United States', 'Germany', 'China'];Ericson Core;['Warner Bros. Pictures (North America)', 'Lionsgate (International)'];Tom Holkenborg;;01/12/2015;Tue;['Édgar Ramírez', 'Luke Bracey', 'Teresa Palmer', 'Delroy Lindo', 'Ray Winstone'];114.0;Point Break;
184;11899999.0;['Spain', 'Colombia'];Fernando González Molina;Warner Bros.;Lucas Vidal;;25/12/2015;Fri;['Mario Casas', 'Berta Vázquez', 'Adriana Ugarte', 'Macarena García', 'Alain Hernández'];163.0;Palm Trees in the Snow;Sergio G. Sánchez
185;38000000.0;United States;Christian Ditter;Warner Bros. Pictures;['Fil Eisler'];['New Line Cinema', 'Metro-Goldwyn-Mayer', 'RatPac-Dune Entertainment', 'Flower Films', 'Wrigley Pictures'];09/02/2016;Tue;['Dakota Johnson', 'Rebel Wilson', 'Alison Brie', 'Leslie Mann'];110.0;How to Be Single;
186;18000000.0;United States;Jeff Nichols;['Warner Bros. Pictures (Worldwide)', 'Entertainment One (United Kingdom)'];David Wingo;['Faliro House Productions', 'Tri-State Pictures', 'RatPac-Dune Entertainment'];12/02/2016;Fri;['Michael Shannon', 'Joel Edgerton', 'Kirsten Dunst', 'Adam Driver', 'Jaeden Martell', 'Sam Shepard'];112.0;Midnight Special;Jeff Nichols
187;250000000.0;United States;Zack Snyder;Warner Bros. Pictures;['Hans Zimmer', 'Junkie XL'];;19/03/2016;Sat;['Ben Affleck', 'Henry Cavill', 'Amy Adams', 'Jesse Eisenberg', 'Diane Lane', 'Laurence Fishburne', 'Jeremy Irons', 'Holly Hunter', 'Gal Gadot'];152.0;Batman v Superman: Dawn of Justice;['Chris Terrio', 'David S. Goyer']
188;;Spain;Pedro Almodóvar;Warner Bros.;Alberto Iglesias;['El Deseo', 'Televisión Española (TVE)', 'Canal+ France', 'Echo Lake Entertainment', 'Ciné +'];08/04/2016;Fri;['Emma Suárez', 'Adriana Ugarte'];96.0;Julieta;
189;10000000.0;United Kingdom;Matthew Brown;['Warner Bros. Pictures', '(United Kingdom)', 'Mister Smith Entertainment', '(International)'];Coby Brown;['Pressman Film', 'Xeitgeist Entertainment Group', 'Cayenne Pepper Productions'];17/09/2015;Thu;['Dev Patel', 'Jeremy Irons', 'Devika Bhise', 'Toby Jones', 'Stephen Fry', 'Jeremy Northam', 'Kevin McNally', 'Enzo Cilenti'];108.0;The Man Who Knew Infinity;
190;20000000.0;United States;Malcolm D. Lee;Warner Bros. Pictures;Stanley Clarke;;06/04/2016;Wed;['Ice Cube', 'Cedric the Entertainer', 'Regina Hall', 'Anthony Anderson', 'Eve', 'J. B. Smoove', 'Lamorne Morris', 'Nicki Minaj', 'Tyga', 'Deon Cole', 'Common'];112.0;Barbershop: The Next Cut;['Kenya Barris', 'Tracy Oliver']
191;;['Argentina', 'Spain'];Rodrigo Grande;Warner Bros.;;;21/04/2016;Thu;['Leonardo Sbaraglia', 'Pablo Echarri'];120.0;At the End of the Tunnel;
192;15000000.0;United States;Peter Atencio;Warner Bros. Pictures;['Steve Jablonsky', 'Nathan Whitehead'];;13/03/2016;Sun;['Jordan Peele', 'Keegan-Michael Key', 'Tiffany Haddish', 'Method Man', 'Jason Mitchell', 'Luis Guzmán', 'Nia Long', 'Will Forte', 'Keanu Reeves'];100.0;Keanu;['Jordan Peele', 'Alex Rubens']
193;;Japan;Takashi Miike;Warner Bros. Pictures Japan;Kōji Endō;['Tea Time Film', 'Warner Bros. Pictures Japan', 'OLM, Inc.'];29/04/2016;Fri;['Hideaki Itō', 'Emi Takei', 'Tomohisa Yamashita', 'Takayuki Yamada', 'Shun Oguri'];110.0;Terra Formars;Kazuki Nakashima (screenplay)
194;50000000.0;United States;Shane Black;Warner Bros. Pictures;['John Ottman', 'David Buckley'];['Silver Pictures', 'Waypoint Entertainment', 'Bloom'];11/05/2016;Wed;['Russell Crowe', 'Ryan Gosling', 'Angourie Rice', 'Matt Bomer', 'Margaret Qualley', 'Keith David', 'Kim Basinger'];116.0;The Nice Guys;['Shane Black', 'Anthony Bagarozzi']
195;20000000.0;['United Kingdom', 'United States'];Thea Sharrock;Warner Bros. Pictures;Craig Armstrong;;23/05/2016;Mon;['Emilia Clarke', 'Sam Claflin', 'Janet McTeer', 'Charles Dance', 'Brendan Coyle'];110.0;Me Before You;Jojo Moyes
196;40000000.0;United States;James Wan;Warner Bros. Pictures;Joseph Bishara;;07/06/2016;Tue;"['Vera Farmiga', 'Patrick Wilson', ""Frances O'Connor"", 'Madison Wolfe', 'Simon McBurney', 'Franka Potente']";134.0;The Conjuring 2;
197;50000000.0;United States;Rawson Marshall Thurber;['Warner Bros. Pictures (United States)', 'Universal Pictures (International)'];['Theodore Shapiro', 'Ludwig Göransson'];;10/06/2016;Fri;['Kevin Hart', 'Dwayne Johnson', 'Amy Ryan', 'Aaron Paul', 'Danielle Nicolet'];108.0;Central Intelligence;
198;180000000.0;['Australia', 'United Kingdom', 'United States'];David Yates;Warner Bros. Pictures;Rupert Gregson-Williams;['Village Roadshow Pictures', 'RatPac-Dune Entertainment', 'Jerry Weintraub Productions', 'Riche/Ludwig Productions', 'Beaglepug Productions', 'Dark Horse Entertainment (uncredited)'];27/06/2016;Mon;['Alexander Skarsgård', 'Samuel L. Jackson', 'Margot Robbie', 'Djimon Hounsou', 'Jim Broadbent', 'Christoph Waltz'];110.0;The Legend of Tarzan;
199;4900000.0;United States;David F. Sandberg;Warner Bros. Pictures;Benjamin Wallfisch;['New Line Cinema', 'RatPac-Dune Entertainment', 'Atomic Monster Productions', 'Grey Matter Productions'];08/06/2016;Wed;['Teresa Palmer', 'Gabriel Bateman', 'Billy Burke', 'Maria Bello'];81.0;Lights Out;
200;175000000.0;United States;David Ayer;Warner Bros. Pictures;Steven Price;['DC Films', 'RatPac Entertainment', 'Atlas Entertainment'];01/08/2016;Mon;['Will Smith', 'Jared Leto', 'Margot Robbie', 'Joel Kinnaman', 'Viola Davis', 'Jai Courtney', 'Jay Hernandez', 'Adewale Akinnuoye-Agbaje', 'Karen Fukuhara', 'Ike Barinholtz', 'Scott Eastwood', 'Cara Delevingne'];123.0;Suicide Squad;David Ayer
201;50000000.0;United States;Todd Phillips;Warner Bros. Pictures;Cliff Martinez;;03/08/2016;Wed;['Jonah Hill', 'Miles Teller', 'Ana de Armas', 'Bradley Cooper'];114.0;War Dogs;
202;60000000.0;United States;Clint Eastwood;Warner Bros.;['Christian Jacob', 'The Tierney Sutton Band'];;02/09/2016;Fri;['Tom Hanks', 'Aaron Eckhart', 'Laura Linney'];96.0;Sully;Todd Komarnicki
203;;Germany;Karoline Herfurth;Warner Bros.;Annette Focks;['Hellinger / Doll Filmproduktion', 'Warner Bros.'];15/09/2016;Thu;['Karoline Herfurth', 'Friedrich Mücke'];107.0;SMS für Dich;
204;70000000.0;United States;['Nicholas Stoller', 'Doug Sweetland'];Warner Bros. Pictures;['Mychael Danna', 'Jeff Danna'];['Warner Animation Group', 'RatPac-Dune Entertainment'];17/09/2016;Sat;['Andy Samberg', 'Katie Crown', 'Kelsey Grammer', 'Jennifer Aniston', 'Ty Burrell', 'Keegan-Michael Key', 'Jordan Peele', 'Danny Trejo'];89.0;Storks;Nicholas Stoller
205;;United Kingdom;Colm McCarthy;['Warner Bros. Pictures', '(United Kingdom)', 'Saban Films', '(United States)'];Cristobal Tapia de Veer;['BFI Film Forever', 'Creative England', 'Altitude', 'Poison Chef'];03/08/2016;Wed;['Gemma Arterton', 'Paddy Considine', 'Glenn Close', 'Sennia Nanua'];111.0;The Girl with All the Gifts;Mike Carey
206;44000000.0;United States;Gavin O'Connor;Warner Bros. Pictures;Mark Isham;;10/10/2016;Mon;['Ben Affleck', 'Anna Kendrick', 'J. K. Simmons', 'Jon Bernthal', 'Jeffrey Tambor', 'John Lithgow'];128.0;The Accountant;Bill Dubuque
207;;Spain;Rodrigo Sorogoyen;Warner Bros. Pictures España;;;18/09/2016;Sun;['Antonio de la Torre', 'Roberto Álamo'];125.0;May God Save Us;
208;;Japan;Keishi Ōtomo;Warner Bros.;Taro Iwashiro;['GyaO', 'Iwamoto Metal Co.', 'KDDI', 'Kodansha', 'Nippon Broadcasting System', 'Parco Co. Ltd.', 'Tristone Entertainment Inc.', 'Twins Japan', 'Warner Bros. Pictures Japan', 'WOWOW Films'];12/11/2016;Sat;['Shun Oguri', 'Machiko Ono', 'Shūhei Nomura', 'Tomomi Maruyama', 'Tomoko Tabata', 'Mikako Ichikawa', 'Masatō Ibu', 'Yutaka Matsushige', 'Nao Ōmori', 'Satoshi Tsumabuki'];132.0;Museum;['Izumi Takahashi', 'Kiyomi Fujii', 'Keishi Otomo']
209;175000000.0;['United Kingdom', 'United States'];David Yates;Warner Bros. Pictures;James Newton Howard;['Warner Bros. Pictures', 'Heyday Films'];10/11/2016;Thu;['Eddie Redmayne', 'Katherine Waterston', 'Dan Fogler', 'Alison Sudol', 'Ezra Miller', 'Samantha Morton', 'Jon Voight', 'Carmen Ejogo', 'Ron Perlman', 'Colin Farrell'];133.0;Fantastic Beasts and Where to Find Them;J. K. Rowling
210;;Spain;Nacho G. Velilla;Warner Bros Spain;;;02/12/2016;Fri;['Carmen Machi', 'Arturo Valls', 'Belén Cuesta', 'Macarena García', 'Leo Harlem', 'Jon Plazaola', 'Yolanda Ramos', 'Carmen Ruiz', 'Carlos Santos', 'Salva Reina', 'Goizalde Núñez', 'Antonio Pagudo'];;Villaviciosa de al lado;Nacho G. Velilla
211;;Japan;Shinpei Ezaki;Warner Bros. Pictures Japan;Monaca;['Liden Films', 'Ultra Super Pictures', 'XFlag Pictures'];10/12/2016;Sat;;103.0;Monster Strike The Movie;
212;36000000.0;United States;David Frankel;Warner Bros. Pictures;Theodore Shapiro;['New Line Cinema', 'Village Roadshow Pictures', 'RatPac-Dune Entertainment', 'Overbrook Entertainment', 'Anonymous Content', 'PalmStar Media', 'Likely Story'];13/12/2016;Tue;['Will Smith', 'Edward Norton', 'Keira Knightley', 'Michael Peña', 'Naomie Harris', 'Jacob Latimore', 'Kate Winslet', 'Helen Mirren'];97.0;Collateral Beauty;Allan Loeb
213;90000000.0;United States;Ben Affleck;Warner Bros. Pictures;Harry Gregson-Williams;;13/12/2016;Tue;['Ben Affleck', 'Elle Fanning', 'Brendan Gleeson', 'Chris Messina', 'Sienna Miller', 'Zoe Saldana', 'Chris Cooper'];129.0;Live by Night;
214;;Germany;Wolfgang Petersen;Warner Bros. Pictures;Enis Rotthoff;['Hellinger / Doll Filmproduktion', 'Warner Bros.'];25/12/2016;Sun;['Til Schweiger', 'Matthias Schweighöfer', 'Michael Herbig', 'Jan Josef Liefers'];96.0;Vier gegen die Bank;Tripper Clancy
215;4500000.0;Spain;Oriol Paulo;Warner Bros. Pictures;Fernando Velázquez;;23/09/2016;Fri;['Mario Casas', 'Ana Wagener', 'José Coronado', 'Bárbara Lennie'];106.0;The Invisible Guest;Oriol Paulo
216;80000000.0;['United States', 'Denmark', 'Australia'];Chris McKay;Warner Bros. Pictures;Lorne Balfe;;29/01/2017;Sun;['Will Arnett', 'Zach Galifianakis', 'Michael Cera', 'Rosario Dawson', 'Ralph Fiennes'];104.0;The Lego Batman Movie;
217;22000000.0;United States;Richie Keen;Warner Bros. Pictures;Dominic Lewis;;13/02/2017;Mon;['Ice Cube', 'Charlie Day', 'Tracy Morgan', 'Jillian Bell', 'Dean Norris', 'Christina Hendricks', 'Dennis Haysbert'];90.0;Fist Fight;
218;;India;Arun Chidambaram;Warner Bros. Pictures;Shyam Benjamin;['DCKAP Cinemas'];24/02/2017;Fri;['Arun Chidambaram', 'Jiya Shankar', 'Yog Japee', 'Ilavarasu', 'Black Pandi', 'Senthi Kumari'];;Kanavu Variyam;Arun Chidambaram
219;185000000.0;United States;Jordan Vogt-Roberts;Warner Bros. Pictures;Henry Jackman;['Legendary Pictures', 'Tencent Pictures'];28/02/2017;Tue;['Tom Hiddleston', 'Samuel L. Jackson', 'John Goodman', 'Brie Larson', 'Jing Tian', 'Toby Kebbell', 'John Ortiz', 'Corey Hawkins', 'Jason Mitchell', 'Shea Whigham', 'Thomas Mann', 'Terry Notary', 'John C. Reilly'];118.0;Kong: Skull Island;
220;25000000.0;United States;Dax Shepard;Warner Bros. Pictures;Fil Eisler;['Primate Pictures'];20/03/2017;Mon;"['Dax Shepard', 'Michael Peña', 'Rosa Salazar', 'Adam Brody', ""Vincent D'Onofrio""]";101.0;Chips;Dax Shepard
221;25000000.0;United States;Zach Braff;Warner Bros. Pictures;Rob Simonsen;;30/03/2017;Thu;['Morgan Freeman', 'Michael Caine', 'Alan Arkin', 'Ann-Margret', 'Joey King', 'Matt Dillon', 'Christopher Lloyd'];96.0;Going in Style;
222;12000000.0;United States;Denise Di Novi;Warner Bros. Pictures;Toby Chu;['Di Novi Pictures'];21/04/2017;Fri;['Rosario Dawson', 'Katherine Heigl', 'Geoff Stults'];100.0;Unforgettable;Christina Hodson
223;;['Japan', 'United Kingdom'];Takashi Miike;['Warner Bros. Pictures (Japan)', 'Magnet Releasing (United States)'];Koji Endo;;29/04/2017;Sat;Takuya Kimura;141.0;Blade of the Immortal;
224;;United States;Brian Levant;['Metro-Goldwyn-Mayer (theatrical and Internet)', 'Warner Bros. Pictures (home media)'];Randy Edelman;['Orion Pictures', 'Sunswept Entertainment'];05/05/2017;Fri;['Zane Austin', 'Francesca Capaldi', 'Lochlyn Munro', 'Andrew Kavadas'];85.0;Max 2: White House Hero;Steve Altiere
225;175000000.0;['United States', 'Australia', 'United Kingdom'];Guy Ritchie;Warner Bros. Pictures;Daniel Pemberton;;08/05/2017;Mon;['Charlie Hunnam', 'Àstrid Bergès-Frisbey', 'Djimon Hounsou', 'Aidan Gillen', 'Jude Law', 'Eric Bana'];126.0;King Arthur: Legend of the Sword;
226;10000000.0;United States;Stella Meghie;['Warner Bros. Pictures', 'Columbia Pictures', '(International)'];['Ludwig Göransson', 'Zedd'];['Metro-Goldwyn-Mayer', 'Alloy Entertainment'];19/05/2017;Fri;['Amandla Stenberg', 'Nick Robinson'];96.0;Everything, Everything;J. Mills Goodloe
227;120000000.0;United States;Patty Jenkins;Warner Bros. Pictures;Rupert Gregson-Williams;['DC Films', 'RatPac Entertainment', 'Atlas Entertainment', 'Cruel and Unusual Films', 'Tencent Pictures', 'Wanda Pictures'];15/05/2017;Mon;['Gal Gadot', 'Chris Pine', 'Robin Wright', 'Danny Huston', 'David Thewlis', 'Connie Nielsen', 'Elena Anaya', 'Saïd Taghmaoui'];141.0;Wonder Woman;
228;;Japan;Yū Irie;Warner Bros. Pictures Japan;Masaru Yokoyama;;10/06/2017;Sat;['Tatsuya Fujiwara', 'Hideaki Itō'];118.0;Memoirs of a Murderer;['Byung-gil Jung', 'Kenya Hirata', 'Jung Byung-gil']
229;40000000.0;United States;Andrew Jay Cohen;Warner Bros. Pictures;['Andrew Feltenstein', 'John Nau'];['New Line Cinema', 'Village Roadshow Pictures', 'Gary Sanchez Productions', 'Good Universe'];30/06/2017;Fri;['Will Ferrell', 'Amy Poehler', 'Jason Mantzoukas', 'Nick Kroll', 'Allison Tolman', 'Michaela Watkins', 'Jeremy Renner'];88.0;The House;"[""Brendan O'Brien"", 'Andrew Jay Cohen']"
230;;Japan;Yūichi Fukuda;Warner Bros. Pictures Japan;;['Aniplex', 'BNP', 'Bandai', 'Dentsu', 'GyaO', 'Marui', 'Plus D', 'Shueisha', 'TV Tokyo', 'Top Coat', 'Tristone Entertainment Inc.', 'Warner Bros. Pictures Japan'];14/07/2017;Fri;['Shun Oguri', 'Masaki Suda', 'Kanna Hashimoto', 'Yūya Yagira', 'Ryo Yoshizawa', 'Masami Nagasawa', 'Masaki Okada', 'Nakamura Kankurō VI', 'Tsuyoshi \nDōmoto'];131.0;Gintama;
231;100000000.0;['United Kingdom', 'United States', 'France', 'Netherlands'];Christopher Nolan;Warner Bros. Pictures;Hans Zimmer;;13/07/2017;Thu;"['Fionn Whitehead', 'Tom Glynn-Carney', 'Jack Lowden', 'Harry Styles', 'Aneurin Barnard', ""James D'Arcy"", 'Barry Keoghan', 'Kenneth Branagh', 'Cillian Murphy', 'Mark Rylance', 'Tom Hardy']";106.0;Dunkirk;Christopher Nolan
232;;Japan;Takashi Miike;['Toho', 'Warner Bros. Pictures'];Kouji Endo;['Tokyo Broadcasting System', 'Toho', 'Warner Bros. Pictures', 'Shueisha', 'OLM, Inc.', 'Tohokushinsha Film', 'Dentsu', 'Bandai Namco Entertainment', 'David Production', 'Bushiroad', 'TC Entertainment', 'Chubu-Nippon Broadcasting', 'Mainichi Broadcasting System', 'GyaO', 'RKB Mainichi Broadcasting', 'Hokkaido Broadcasting', 'Tohoku Broadcasting Company', 'Nippon Shuppan Hanbai, Inc.', 'Shizuoka Broadcasting System', 'Chugoku Broadcasting'];02/07/2017;Sun;['Kento Yamazaki', 'Ryunosuke Kamiki', 'Nana Komatsu', 'Masaki Okada', 'Mackenyu', 'Takayuki Yamada', 'Yusuke Iseya'];119.0;JoJo's Bizarre Adventure: Diamond Is Unbreakable Chapter I;
233;15000000.0;United States;David F. Sandberg;Warner Bros. Pictures;Benjamin Wallfisch;['New Line Cinema', 'Atomic Monster Productions', 'The Safran Company', 'RatPac-Dune Entertainment'];19/06/2017;Mon;['Stephanie Sigman', 'Talitha Bateman', 'Anthony LaPaglia', 'Miranda Otto'];110.0;Annabelle: Creation;Gary Dauberman
234;30000000.0;['United Kingdom', 'Germany'];Holger Tappe;['Warner Bros.', '(Germany)', 'Altitude Film Distribution', '(United Kingdom)'];Hendrik Schwarzer;['Ambient Entertainment GmbH', 'United Entertainment', 'Mack Media', 'Agir', 'Timeless Films', 'Rothkirch Cartoon Film', 'Sky Cinema Original Films'];24/08/2017;Thu;['Emily Watson', 'Nick Frost', 'Jessica Brown Findlay', 'Celia Imrie', 'Catherine Tate', 'Jason Isaacs'];96.0;Monster Family;
235;35000000.0;United States;Andy Muschietti;Warner Bros. Pictures;Benjamin Wallfisch;;05/09/2017;Tue;['Jaeden Lieberher', 'Bill Skarsgård'];135.0;It;
236;70000000.0;['Denmark', 'United States'];['Charlie Bean', 'Paul Fisher', 'Bob Logan'];Warner Bros. Pictures;Mark Mothersbaugh;;16/09/2017;Sat;['Dave Franco', 'Michael Peña', 'Kumail Nanjiani', 'Abbi Jacobson', 'Zach Woods', 'Fred Armisen', 'Jackie Chan', 'Justin Theroux', 'Olivia Munn'];101.0;The Lego Ninjago Movie;
237;150000000.0;United States;Denis Villeneuve;['Warner Bros. Pictures (North America)', 'Sony Pictures Releasing (International)'];['Benjamin Wallfisch', 'Hans Zimmer'];;03/10/2017;Tue;['Ryan Gosling', 'Harrison Ford', 'Ana de Armas', 'Sylvia Hoeks', 'Robin Wright', 'Mackenzie Davis', 'Carla Juri', 'Lennie James', 'Dave Bautista', 'Jared Leto'];163.0;Blade Runner 2049;
238;;Spain;Vicente Villanueva;Warner Bros. Pictures;Antonio Escobar;['Atresmedia Cine', 'La Zona', 'Lazonafilms', 'Wind Films'];06/10/2017;Fri;['Paco León', 'Alexandra Jiménez', 'Rossy de Palma', 'Oscar Martínez', 'Nuria Herrero', 'Adrián Lastra'];90.0;Toc Toc;Vicente Villanueva
239;120000000.0;United States;Dean Devlin;Warner Bros. Pictures;Lorne Balfe;['Warner Bros. Pictures', 'Skydance Media', 'Electric Entertainment', 'RatPac-Dune Entertainment'];20/10/2017;Fri;['Gerard Butler', 'Jim Sturgess', 'Abbie Cornish', 'Alexandra Maria Lara', 'Daniel Wu', 'Eugenio Derbez', 'Amr Waked', 'Adepero Oduye', 'Robert Sheehan', 'Richard Schiff', 'Ed Harris', 'Andy García'];109.0;Geostorm;['Dean Devlin', 'Paul Guyot']
240;;['Turkey', 'South Korea'];Can Ulkay;Warner Bros.;Fahir Atakoglu;['Dijital Sanatlar Production'];27/10/2017;Fri;['Çetin Tekindor', 'İsmail Hacıoğlu', 'Kim Seol', 'Ali Atay', 'Murat Yıldırım'];124.0;Ayla: The Daughter of War;Yigit Güralp
241;;Japan;Takahiro Miki;Warner Bros. Japan;mio-sotido;['CBC', 'Dragonfly Entertainment', 'Foster Plus Co.', 'GyaO', 'HBC', 'J Storm', 'MBS', 'RKB', 'Shueisha', 'TBS', 'Tokyu Agency', 'Warner Bros. Japan'];28/10/2017;Sat;['Toma Ikuta', 'Suzu Hirose'];113.0;My Teacher;Mari Okada
242;300000000.0;United States;Zack Snyder;Warner Bros. Pictures;Danny Elfman;;26/10/2017;Thu;['Ben Affleck', 'Henry Cavill', 'Gal Gadot', 'Ezra Miller', 'Jason Momoa', 'Ray Fisher', 'Amy Adams', 'Jeremy Irons', 'Diane Lane', 'Connie Nielsen', 'J. K. Simmons', 'Ciarán Hinds'];120.0;Justice League;
243;;['Germany', 'France'];Fatih Akin;Warner Bros. (Germany);Josh Homme;['Bombero International', 'Warner', 'Macassar Productions', 'Pathé Film', 'Dorje Film', 'Corazón International'];26/05/2017;Fri;Diane Kruger;106.0;In the Fade;Fatih Akin
244;10000000.0;United States;James Franco;['A24', 'Warner Bros. Pictures'];['Dave Porter'];['New Line Cinema', 'Good Universe', 'Point Grey Pictures', 'Rabbit Bandini Productions'];12/03/2017;Sun;['James Franco', 'Dave Franco', 'Seth Rogen', 'Alison Brie', 'Ari Graynor', 'Josh Hutcherson', 'Jacki Weaver'];103.0;The Disaster Artist;
245;;Germany;Margarethe von Trotta;Warner Bros.;Helmut Zerlett;['Heimatfilm'];29/09/2017;Fri;['Ingrid Bolsø Berdal', 'Katja Riemann', 'Haluk Bilginer'];110.0;Forget About Nick;
246;25000000.0;United States;Lawrence Sher;Warner Bros. Pictures;Rob Simonsen;;13/12/2017;Wed;['Owen Wilson', 'Ed Helms', 'J. K. Simmons', 'Katt Williams', 'Terry Bradshaw', 'Ving Rhames', 'Harry Shearer', 'June Squibb', 'Christopher Walken', 'Glenn Close'];113.0;Father Figures;Justin Malen
247;40000000.0;['United Kingdom', 'France'];Paul King;StudioCanal;Dario Marianelli;['Heyday Films', 'StudioCanal UK'];05/11/2017;Sun;['Hugh Bonneville', 'Sally Hawkins', 'Brendan Gleeson', 'Julie Walters', 'Jim Broadbent', 'Peter Capaldi', 'Hugh Grant', 'Ben Whishaw'];104.0;Paddington 2;['Paul King', 'Simon Farnaby']
248;35000000.0;United States;Nicolai Fuglsig;['Warner Bros. Pictures'];Lorne Balfe;;16/01/2018;Tue;['Chris Hemsworth', 'Michael Shannon', 'Michael Peña', 'Trevante Rhodes'];129.0;12 Strong;['Ted Tally', 'Peter Craig']
249;30000000.0;United States;Clint Eastwood;Warner Bros. Pictures;['Christian Jacob'];['Warner Bros. Pictures', 'Village Roadshow Pictures', 'Malpaso Productions', 'Dune Entertainment', 'Access Entertainment'];09/02/2018;Fri;['Anthony Sadler', 'Alek Skarlatos', 'Spencer Stone', 'Judy Greer', 'Jenna Fischer'];94.0;The 15:17 to Paris;
250;37000000.0;United States;['John Francis Daley', 'Jonathan Goldstein'];Warner Bros. Pictures;Cliff Martinez;['New Line Cinema', 'Access Entertainment', 'Davis Entertainment', 'Aggregate Films', 'Dune Entertainment'];23/02/2018;Fri;['Jason Bateman', 'Rachel McAdams', 'Billy Magnussen', 'Sharon Horgan', 'Lamorne Morris', 'Kylie Bunbury', 'Jesse Plemons', 'Michael C. Hall', 'Kyle Chandler'];100.0;Game Night;Mark Perez
251;90000000.0;['United Kingdom', 'United States'];Roar Uthaug;Warner Bros. Pictures;Tom Holkenborg;;02/03/2018;Fri;['Alicia Vikander', 'Dominic West', 'Walton Goggins', 'Daniel Wu', 'Kristin Scott Thomas'];118.0;Tomb Raider;
252;155000000.0;United States;Steven Spielberg;Warner Bros. Pictures;Alan Silvestri;['Warner Bros. Pictures', 'Amblin Partners', 'Amblin Entertainment', 'Village Roadshow Pictures', 'De Line Pictures', 'Farah Films & Management'];11/03/2018;Sun;['Tye Sheridan', 'Olivia Cooke', 'Ben Mendelsohn', 'T.J. Miller', 'Simon Pegg', 'Mark Rylance'];140.0;Ready Player One;
253;120000000.0;United States;Brad Peyton;Warner Bros. Pictures;Andrew Lockington;['New Line Cinema', 'Access Entertainment (uncredited)', 'RatPac-Dune Entertainment (uncredited)', 'Flynn Picture Company', 'Wrigley Pictures', 'ASAP Entertainment', 'Seven Bucks Productions'];04/04/2018;Wed;['Dwayne Johnson', 'Naomie Harris', 'Malin Åkerman', 'Jake Lacy', 'Joe Manganiello', 'Jeffrey Dean Morgan', 'Ron Perlman'];107.0;Rampage;
254;30000000.0;United States;Ben Falcone;Warner Bros. Pictures;Fil Eisler;['New Line Cinema', 'On the Day Productions'];11/05/2018;Fri;['Melissa McCarthy', 'Gillian Jacobs', 'Maya Rudolph', 'Julie Bowen', 'Matt Walsh', 'Molly Gordon', 'Stephen Root', 'Jacki Weaver'];105.0;Life of the Party;['Ben Falcone', 'Melissa McCarthy']
255;;Japan;Ken Iizuka;['Shochiku', 'Warner Bros.'];;['Shochiku', 'New Line Cinema'];06/07/2018;Fri;['Reo Sano', 'Taishi Nakagawa', 'Mahiro Takasugi', 'Ryusei Yokohama', 'Riko Yoshida', 'Yuri Tsunematsu', 'Mayu Hotta', 'Nozomi Bando', 'Yuki Yamada'];110.0;Rainbow Days;Rika Nezu
256;70000000.0;United States;Gary Ross;Warner Bros. Pictures;Daniel Pemberton;;05/06/2018;Tue;['Sandra Bullock', 'Cate Blanchett', 'Anne Hathaway', 'Mindy Kaling', 'Sarah Paulson', 'Awkwafina', 'Rihanna', 'Helena Bonham Carter'];110.0;Ocean's 8;
257;28000000.0;United States;Jeff Tomsic;Warner Bros. Pictures;Germaine Franco;['New Line Cinema', 'Broken Road Productions'];15/06/2018;Fri;['Ed Helms', 'Jake Johnson', 'Annabelle Wallis', 'Hannibal Buress', 'Isla Fisher', 'Rashida Jones', 'Leslie Bibb', 'Jon Hamm', 'Jeremy Renner'];101.0;Tag;
258;;Japan;Shinsuke Sato;['Warner Bros. Pictures', '(Japan)', 'Netflix', '(Worldwide)'];Yutaka Yamada;['Warner Bros. Pictures'];20/07/2018;Fri;['Sota Fukushi', 'Hana Sugisaki', 'Ryo Yoshizawa', 'Erina Mano', 'Yu Koyanagi', 'Taichi Saotome', 'Miyavi', 'Seiichi Tanabe', 'Masami Nagasawa', 'Yōsuke Eguchi'];;Bleach;['Shinsuke Sato', 'Daisuke Habara']
259;10000000.0;United States;['Peter Rida Michail', 'Aaron Horvath'];Warner Bros. Pictures;Jared Faber;['Warner Bros. Animation', 'DC Entertainment'];22/07/2018;Sun;['Scott Menville', 'Greg Cipes', 'Khary Payton', 'Tara Strong', 'Hynden Walch', 'Will Arnett', 'Kristen Bell'];88.0;Teen Titans Go! To the Movies;['Michael Jelenic', 'Aaron Horvath']
260;130000000.0;United States;Jon Turteltaub;['Warner Bros. Pictures'];Harry Gregson-Williams;['Gravity Pictures', 'Flagship Entertainment', 'Apelles Entertainment', 'Di Bonaventura Pictures', 'Maeday Productions'];10/08/2018;Fri;['Jason Statham', 'Li Bingbing', 'Rainn Wilson', 'Ruby Rose', 'Winston Chao', 'Cliff Curtis'];113.0;The Meg;
261;30000000.0;United States;Jon M. Chu;Warner Bros. Pictures;Brian Tyler;['SK Global Entertainment', 'Starlight Culture Entertainment', 'Color Force', 'Ivanhoe Pictures', 'Electric Somewhere'];07/08/2018;Tue;['Constance Wu', 'Henry Golding', 'Gemma Chan', 'Lisa Lu', 'Awkwafina', 'Ken Jeong', 'Michelle Yeoh'];121.0;Crazy Rich Asians;
262;22000000.0;United States;Corin Hardy;Warner Bros. Pictures;Abel Korzeniowski;['New Line Cinema', 'Atomic Monster Productions', 'The Safran Company'];04/09/2018;Tue;['Demián Bichir', 'Taissa Farmiga', 'Jonas Bloquet'];96.0;The Nun;
263;;['Argentina', 'Mexico'];Gonzalo Tobal;Warner Bros. Pictures;Rogelio Sosa;;04/09/2018;Tue;['Lali Espósito', 'Gael García Bernal', 'Leonardo Sbaraglia', 'Inés Estévez', 'Daniel Fanego', 'Gerardo Romano'];114.0;The Accused;
264;;Japan;Tsutomu Hanabusa;['Warner Bros. Pictures'];Masaru Yokoyama;['Nippon TV', 'Warner Bros. Pictures', 'CTV', 'Dentsu', 'FBS', 'HTV', 'Parco', 'Ten Carat', 'Kodansha', 'VAP', 'Miyagi Television Broadcasting', 'Sapporo Television Broadcasting', 'SDT', 'Yomiuri TV', 'Nippon Shuppan Hanbai', 'GYAO!', 'DN Dream Partners', 'Dub, Inc.'];14/09/2018;Fri;['Ayami Nakajo', 'Hayato Sano', 'Hiroya Shimizu', 'Yuri Tsunematsu', 'Moka Kamishiraishi', 'Yutaro'];115.0;Real Girl;
265;80000000.0;United States;Karey Kirkpatrick;Warner Bros. Pictures;Heitor Pereira;;28/09/2018;Fri;['Channing Tatum', 'James Corden', 'Zendaya', 'Common', 'LeBron James', 'Danny DeVito', 'Gina Rodriguez', 'Yara Shahidi', 'Ely Henry', 'Jimmy Tatro'];96.0;Smallfoot;
266;;Spain;Rodrigo Sorogoyen;Warner Bros. Pictures España;Olivier Arson;;07/09/2018;Fri;Antonio de la Torre;130.0;The Realm;['Rodrigo Sorogoyen', 'Isabel Peña']
267;36000000.0;United States;Bradley Cooper;Warner Bros. Pictures;;;31/08/2018;Fri;['Bradley Cooper', 'Lady Gaga', 'Andrew Dice Clay', 'Dave Chappelle', 'Sam Elliott'];136.0;A Star Is Born;
268;200000000.0;['United States', 'United Kingdom'];David Yates;Warner Bros. Pictures;James Newton Howard;['Warner Bros. Pictures', 'Heyday Films'];08/11/2018;Thu;['Eddie Redmayne', 'Katherine Waterston', 'Dan Fogler', 'Alison Sudol', 'Ezra Miller', 'Zoë Kravitz', 'Callum Turner', 'Claudia Kim', 'William Nadylam', 'Kevin Guthrie', 'Jude Law', 'Johnny Depp'];134.0;Fantastic Beasts: The Crimes of Grindelwald;J. K. Rowling
269;50000000.0;United States;Steven Caple Jr.;"['Metro-Goldwyn-Mayer (North America; via joint venture with Annapurna Pictures )', 'Warner Bros. Pictures (International)']";Ludwig Göransson;;14/11/2018;Wed;"['Michael B. Jordan', 'Sylvester Stallone', 'Tessa Thompson', 'Wood Harris', 'Phylicia Rashad', 'Dolph Lundgren', 'Florian ""Big Nasty"" Munteanu']";130.0;Creed II;
270;;['United Kingdom', 'United States', 'India'];Andy Serkis;Netflix;Nitin Sawhney;['Warner Bros. Pictures', 'The Imaginarium'];25/11/2018;Sun;['Christian Bale', 'Cate Blanchett', 'Benedict Cumberbatch', 'Naomie Harris', 'Andy Serkis', 'Matthew Rhys', 'Freida Pinto', 'Rohan Chand'];104.0;Mowgli: Legend of the Jungle;
271;;Germany;Til Schweiger;Warner Bros. Pictures;['Martin Todsharow', 'Diego Baldenweg', 'Nora Baldenweg', 'Lionel Baldenweg'];['Barefoot Films', 'Warner Bros. Pictures'];27/10/2018;Sat;['Nick Nolte', 'Matt Dillon', 'Emily Mortimer', 'Sophia Lane Nolte'];;Head Full of Honey;
272;;['New Zealand', 'United Kingdom'];Peter Jackson;Warner Bros. Pictures;Plan 9;['WingNut Films'];16/10/2018;Tue;;99.0;They Shall Not Grow Old;
273;50000000.0;United States;Clint Eastwood;Warner Bros.;Arturo Sandoval;['Imperative Entertainment', 'Bron Creative', 'Malpaso Productions'];10/12/2018;Mon;['Clint Eastwood', 'Bradley Cooper', 'Laurence Fishburne', 'Michael Peña', 'Dianne Wiest', 'Andy García'];116.0;The Mule;
274;160000000.0;United States;James Wan;Warner Bros. Pictures;Rupert Gregson-Williams;['Warner Bros. Pictures', 'DC Entertainment', 'Cruel and Unusual Films', 'The Safran Company', 'Mad Ghost Productions', 'RatPac Entertainment'];26/11/2018;Mon;['Jason Momoa', 'Amber Heard', 'Willem Dafoe', 'Patrick Wilson', 'Dolph Lundgren', 'Yahya Abdul-Mateen II', 'Nicole Kidman'];143.0;Aquaman;
275;11200000.0;['China', 'United States'];['Amp Wong', 'Zhao Ji'];Joy Pictures;Guo Haowei;['Light Chaser Animation Studios', 'Warner Bros. Far East'];11/01/2019;Fri;['Zhang Zhe', 'Yang Tianxiang'];99.0;White Snake;Damao
276;99000000.0;['United States', 'Denmark', 'Australia'];Mike Mitchell;Warner Bros. Pictures;Mark Mothersbaugh;;07/02/2019;Thu;['Chris Pratt', 'Elizabeth Banks', 'Will Arnett', 'Tiffany Haddish', 'Stephanie Beatriz', 'Charlie Day', 'Alison Brie', 'Nick Offerman', 'Maya Rudolph', 'Will Ferrell'];107.0;The Lego Movie 2: The Second Part;
277;31000000.0;United States;Todd Strauss-Schulson;['Warner Bros. Pictures (United States, Canada and Argentina)', 'Netflix (international)'];John Debney;['New Line Cinema', 'Bron Creative', 'Camp Sugar', 'Little Engine', 'Broken Road Productions'];13/02/2019;Wed;['Rebel Wilson', 'Liam Hemsworth', 'Adam DeVine', 'Priyanka Chopra'];89.0;Isn't It Romantic;
278;;['Germany', 'France'];Fatih Akin;['The Match Factory', 'Warner Bros.', 'Pathé'];F.M. Einheit;;09/02/2019;Sat;['Jonas Dassler'];110.0;The Golden Glove;Fatih Akin
279;17000000.0;United States;Katt Shea;Warner Bros. Pictures;['Sherri Chung'];['A Very Good Production', 'Red 56'];15/03/2019;Fri;['Sophia Lillis', 'Sam Trammell', 'Linda Lavin'];89.0;Nancy Drew and the Hidden Staircase;['Nina Fiore', 'John Herrera']
280;80000000.0;United States;David F. Sandberg;Warner Bros. Pictures;Benjamin Wallfisch;['New Line Cinema', 'DC Films', 'The Safran Company', 'Seven Bucks Productions', 'Mad Ghost Productions'];15/03/2019;Fri;['Zachary Levi', 'Mark Strong', 'Asher Angel', 'Jack Dylan Grazer', 'Djimon Hounsou'];132.0;Shazam!;
281;9000000.0;United States;Michael Chaves;Warner Bros. Pictures;Joseph Bishara;['New Line Cinema', 'Atomic Monster Productions', 'Emile Gladstone Productions'];15/03/2019;Fri;['Linda Cardellini', 'Raymond Cruz', 'Patricia Velásquez'];93.0;The Curse of La Llorona;['Mikki Daughtry', 'Tobias Iaconis']
282;;Japan;Keiichi Hara;Warner Bros.;Harumi Fūki;['Warner Bros. Japan', 'Aniplex', 'Fuji Animation Studio', 'Fuji Television Network, Inc.', 'Dentsu', 'Signal.MD'];26/04/2019;Fri;['Mayu Matsuoka', 'Anne Watanabe', 'Kumiko Asō', 'Nao Tōyama', 'Keiji Fujiwara', 'Akiko Yajima'];115.0;The Wonderland;Miho Maruo
283;150000000.0;['United States', 'Japan'];Rob Letterman;['Warner Bros. Pictures (Worldwide)', 'Toho (Japan)'];Henry Jackman;;03/05/2019;Fri;['Ryan Reynolds', 'Justice Smith', 'Kathryn Newton', 'Suki Waterhouse', 'Omar Chaparro', 'Chris Geere', 'Ken Watanabe', 'Bill Nighy'];104.0;Pokémon Detective Pikachu;
284;9000000.0;United States;Ry Russo-Young;Warner Bros. Pictures;Herdis Stefánsdóttir;['Warner Bros. Pictures', 'Alloy Entertainment', 'Metro-Goldwyn-Mayer'];17/05/2019;Fri;['Yara Shahidi', 'Charles Melton'];100.0;The Sun Is Also a Star;
285;170000000.0;['United States', 'Japan', 'China', 'Mexico'];Michael Dougherty;['Warner Bros. Pictures', 'Toho'];Bear McCreary;['Legendary Pictures', 'Warner Bros.', 'Toho', 'Wanda Qingdao Studios'];13/05/2019;Mon;"['Kyle Chandler', 'Vera Farmiga', 'Millie Bobby Brown', 'Bradley Whitford', 'Sally Hawkins', 'Charles Dance', 'Thomas Middleditch', 'Aisha Hinds', ""O'Shea Jackson Jr."", 'David Strathairn', 'Ken Watanabe', 'Zhang Ziyi']";132.0;Godzilla: King of the Monsters;
286;30000000.0;United States;Tim Story;['Warner Bros. Pictures', 'Netflix'];Christopher Lennertz;['New Line Cinema', 'Davis Entertainment', 'Netflix Original Films'];14/06/2019;Fri;['Samuel L. Jackson', 'Jessie T. Usher', 'Regina Hall', 'Alexandra Shipp', 'Richard Roundtree'];112.0;Shaft;['Kenya Barris', 'Alex Barnow']
287;27000000.0;United States;Gary Dauberman;Warner Bros. Pictures;Joseph Bishara;['New Line Cinema', 'Atomic Monster Productions', 'The Safran Company'];26/06/2019;Wed;['Mckenna Grace', 'Madison Iseman', 'Katie Sarife', 'Vera Farmiga', 'Patrick Wilson'];106.0;Annabelle Comes Home;
288;38000000.0;United States;Andrea Berloff;Warner Bros. Pictures;Bryce Dessner;['New Line Cinema', 'Bron Creative', 'DC Vertigo', 'Michael De Luca Productions'];09/08/2019;Fri;"['Melissa McCarthy', 'Tiffany Haddish', 'Elisabeth Moss', 'Domhnall Gleeson', 'James Badge Dale', ""Brian d'Arcy James"", 'Margo Martindale', 'Common', 'Bill Camp']";103.0;The Kitchen;Andrea Berloff
289;15000000.0;United Kingdom;Gurinder Chadha;Entertainment One Films;A. R. Rahman;['Levantine Films', 'INGENIθUS', 'Bend It Films', 'Cornerstone Films'];27/01/2019;Sun;['Viveik Kalra', 'Kulvinder Ghir', 'Meera Ganatra', 'Nell Williams', 'Aaron Phagura', 'Dean-Charles Chapman'];117.0;Blinded by the Light;['Paul Mayeda Berges', 'Gurinder Chadha', 'Sarfraz Manzoor']
290;;United Kingdom;Andrea Di Stefano;['Warner Bros. Pictures (United Kingdom)', 'Aviron Pictures (United States)', 'Vertical Entertainment (United States)'];['Brooke Blair', 'Will Blair'];['The Forest Road Company', 'Thunder Road Pictures', 'The Fyzz Facility', 'Ingenious Media'];30/08/2019;Fri;['Joel Kinnaman', 'Rosamund Pike', 'Common', 'Ana de Armas', 'Clive Owen'];113.0;The Informer;
291;79000000.0;United States;Andy Muschietti;Warner Bros. Pictures;Benjamin Wallfisch;;06/09/2019;Fri;['Jessica Chastain', 'James McAvoy', 'Bill Hader', 'Isaiah Mustafa', 'Jay Ryan', 'James Ransone', 'Andy Bean', 'Bill Skarsgård'];169.0;It Chapter Two;
292;44000000.0;United States;John Crowley;Warner Bros. Pictures;Trevor Gureckis;['Amazon Studios', 'Color Force'];08/09/2019;Sun;['Ansel Elgort', 'Oakes Fegley', 'Aneurin Barnard', 'Finn Wolfhard', 'Sarah Paulson', 'Luke Wilson', 'Jeffrey Wright', 'Nicole Kidman'];149.0;The Goldfinch;
293;55000000.0;United States;Todd Phillips;Warner Bros. Pictures;Hildur Guðnadóttir;;31/08/2019;Sat;['Joaquin Phoenix', 'Robert De Niro', 'Zazie Beetz', 'Frances Conroy'];122.0;Joker;['Todd Phillips', 'Scott Silver']
294;26000000.0;United States;Edward Norton;Warner Bros. Pictures;Daniel Pemberton;['Class 5 Films', 'MWM Studios'];30/08/2019;Fri;['Edward Norton', 'Bruce Willis', 'Gugu Mbatha-Raw', 'Bobby Cannavale', 'Cherry Jones', 'Alec Baldwin', 'Willem Dafoe'];144.0;Motherless Brooklyn;Edward Norton
295;45000000.0;United States;Mike Flanagan;Warner Bros. Pictures;The Newton Brothers;;21/10/2019;Mon;['Ewan McGregor', 'Rebecca Ferguson', 'Kyliegh Curran', 'Cliff Curtis'];152.0;Doctor Sleep;
296;;['United Kingdom', 'France', 'Germany'];Julie Delpy;;;['Amusement Park Films', 'Baby Cow Productions', 'Electrick Films', 'Magnolia Mae Films', 'Metalwork Pictures', 'Warner Bros. Film Productions Germany'];07/09/2019;Sat;['Julie Delpy', 'Gemma Arterton', 'Daniel Brühl', 'Richard Armitage'];;My Zoe;Julie Delpy
297;10000000.0;['United Kingdom', 'United States'];Bill Condon;Warner Bros. Pictures;Carter Burwell;['New Line Cinema', 'Bron Creative', '1000 Eyes'];08/11/2019;Fri;['Helen Mirren', 'Ian McKellen', 'Russell Tovey', 'Jim Carter'];109.0;The Good Liar;
298;45000000.0;United States;Clint Eastwood;Warner Bros. Pictures;Arturo Sandoval;['Malpaso Productions', 'Appian Way Productions', 'Misher Films', '75 Year Plan Productions'];20/11/2019;Wed;['Sam Rockwell', 'Kathy Bates', 'Jon Hamm', 'Olivia Wilde', 'Paul Walter Hauser'];129.0;Richard Jewell;Billy Ray
299;25000000.0;United States;Destin Daniel Cretton;Warner Bros. Pictures;Joel P. West;['Endeavor Content', 'One Community', 'Participant Media', 'Macro Media', 'Gil Netter Productions', 'Outlier Society'];06/09/2019;Fri;['Michael B. Jordan', 'Jamie Foxx', 'Rob Morgan', 'Tim Blake Nelson', 'Rafe Spall', 'Brie Larson'];137.0;Just Mercy;
300;;['Germany', 'Switzerland'];Caroline Link;Warner Bros.;;['Sommerhaus Filmproduktion', 'Warner Bros. Film Productions Germany', 'La Siala Entertainment', 'Hugofilm Features', 'Mia Film'];25/12/2019;Wed;['Riva Krymalowski', 'Marinus Hohmann', 'Carla Juri', 'Oliver Masucci'];119.0;When Hitler Stole Pink Rabbit;
